INFO:     Will watch for changes in these directories: ['D:\\Company Project\\taskflow-backend']
INFO:     Uvicorn running on http://127.0.0.1:8000 (Press CTRL+C to quit)
INFO:     Started reloader process [13664] using WatchFiles
INFO:     Started server process [13308]
INFO:     Waiting for application startup.
INFO:     Application startup complete.
WARNING:  WatchFiles detected changes in 'main.py'. Reloading...
INFO:     Shutting down
INFO:     Waiting for application shutdown.
INFO:     Application shutdown complete.
INFO:     Finished server process [13308]
INFO:     Started server process [9596]
INFO:     Waiting for application startup.
INFO:     Application startup complete.
INFO:     ('127.0.0.1', 56935) - "WebSocket /ws/locations" [accepted]
INFO:     connection open
INFO:     connection closed
INFO:     ('127.0.0.1', 52176) - "WebSocket /ws/locations" [accepted]
INFO:     connection open
INFO:     connection closed
INFO:     ('127.0.0.1', 54545) - "WebSocket /ws/locations" [accepted]
INFO:     connection open
INFO:     ('127.0.0.1', 59812) - "WebSocket /ws/locations" [accepted]
INFO:     connection open
INFO:     ('127.0.0.1', 62235) - "WebSocket /ws/locations" [accepted]
INFO:     connection open
INFO:     ('127.0.0.1', 52901) - "WebSocket /ws/locations" [accepted]
INFO:     connection open
INFO:     connection closed
INFO:     connection closed
INFO:     ('127.0.0.1', 61633) - "WebSocket /ws/locations" [accepted]
INFO:     connection open
INFO:     ('127.0.0.1', 56549) - "WebSocket /ws/locations" [accepted]
INFO:     connection open
INFO:     connection closed
INFO:     ('127.0.0.1', 62844) - "WebSocket /ws/locations" [accepted]
INFO:     connection open
INFO:     connection closed
INFO:     ('127.0.0.1', 60011) - "WebSocket /ws/locations" [accepted]
INFO:     connection open
INFO:     ('127.0.0.1', 64004) - "WebSocket /ws/locations" [accepted]
INFO:     connection open
INFO:     connection closed
INFO:     ('127.0.0.1', 52061) - "WebSocket /ws/locations" [accepted]
INFO:     connection open
INFO:     connection closed
INFO:     connection closed
INFO:     ('127.0.0.1', 49312) - "WebSocket /ws/locations" [accepted]
INFO:     connection open
INFO:     connection closed
INFO:     ('127.0.0.1', 57033) - "WebSocket /ws/locations" [accepted]
INFO:     connection open
INFO:     connection closed
INFO:     ('127.0.0.1', 61911) - "WebSocket /ws/locations" [accepted]
INFO:     connection open
INFO:     connection closed
INFO:     ('127.0.0.1', 56785) - "WebSocket /ws/locations" [accepted]
INFO:     connection open
INFO:     ('127.0.0.1', 62695) - "WebSocket /ws/locations" [accepted]
INFO:     connection open
INFO:     ('127.0.0.1', 49382) - "WebSocket /ws/locations" [accepted]
INFO:     connection open
INFO:     ('127.0.0.1', 64602) - "WebSocket /ws/locations" [accepted]
INFO:     connection open
INFO:     connection closed
INFO:     ('127.0.0.1', 53142) - "WebSocket /ws/locations" [accepted]
INFO:     connection open
INFO:     connection closed
INFO:     ('127.0.0.1', 51672) - "WebSocket /ws/locations" [accepted]
INFO:     connection open
INFO:     connection closed
INFO:     connection closed
INFO:     connection closed
INFO:     connection closed
INFO:     connection closed
INFO:     connection closed
INFO:     connection closed
INFO:     ('127.0.0.1', 54715) - "WebSocket /ws/locations" [accepted]
INFO:     connection open
WARNING:  WatchFiles detected changes in 'roles.py'. Reloading...
INFO:     connection closed
INFO:     ('127.0.0.1', 57606) - "WebSocket /ws/locations" [accepted]
INFO:     connection open
INFO:     ('127.0.0.1', 64577) - "WebSocket /ws/locations" [accepted]
INFO:     connection open
INFO:     ('127.0.0.1', 54970) - "WebSocket /ws/locations" [accepted]
INFO:     connection open
INFO:     connection closed
INFO:     Shutting down
INFO:     connection closed
INFO:     connection closed
INFO:     Waiting for application shutdown.
INFO:     Application shutdown complete.
INFO:     Finished server process [9596]
WARNING:  WatchFiles detected changes in 'auth_utils.py'. Reloading...
INFO:     Started server process [21160]
INFO:     Waiting for application startup.
ERROR:    Traceback (most recent call last):
  File "C:\Users\shind\AppData\Local\Programs\Python\Python311\Lib\asyncio\runners.py", line 118, in run
    return self._loop.run_until_complete(task)
           ^^^^^^^^^^^^^^^^^^^^^^^^^^^^^^^^^^^
  File "C:\Users\shind\AppData\Local\Programs\Python\Python311\Lib\asyncio\base_events.py", line 654, in run_until_complete
    return future.result()
           ^^^^^^^^^^^^^^^
  File "D:\Company Project\taskflow-backend\.venv\Lib\site-packages\uvicorn\server.py", line 78, in serve
    await self.startup(sockets=sockets)
  File "D:\Company Project\taskflow-backend\.venv\Lib\site-packages\uvicorn\server.py", line 89, in startup
    await self.lifespan.startup()
  File "D:\Company Project\taskflow-backend\.venv\Lib\site-packages\uvicorn\lifespan\on.py", line 54, in startup
    await self.startup_event.wait()
  File "C:\Users\shind\AppData\Local\Programs\Python\Python311\Lib\asyncio\locks.py", line 213, in wait
    await fut
asyncio.exceptions.CancelledError

During handling of the above exception, another exception occurred:

Traceback (most recent call last):
  File "C:\Users\shind\AppData\Local\Programs\Python\Python311\Lib\asyncio\runners.py", line 190, in run
    return runner.run(main)
           ^^^^^^^^^^^^^^^^
  File "C:\Users\shind\AppData\Local\Programs\Python\Python311\Lib\asyncio\runners.py", line 123, in run
    raise KeyboardInterrupt()
KeyboardInterrupt

During handling of the above exception, another exception occurred:

Traceback (most recent call last):
  File "D:\Company Project\taskflow-backend\.venv\Lib\site-packages\starlette\routing.py", line 686, in lifespan
    await receive()
  File "D:\Company Project\taskflow-backend\.venv\Lib\site-packages\uvicorn\lifespan\on.py", line 137, in receive
    return await self.receive_queue.get()
           ^^^^^^^^^^^^^^^^^^^^^^^^^^^^^^
  File "C:\Users\shind\AppData\Local\Programs\Python\Python311\Lib\asyncio\queues.py", line 158, in get
    await getter
asyncio.exceptions.CancelledError

Process SpawnProcess-3:
Traceback (most recent call last):
  File "C:\Users\shind\AppData\Local\Programs\Python\Python311\Lib\asyncio\runners.py", line 118, in run
    return self._loop.run_until_complete(task)
           ^^^^^^^^^^^^^^^^^^^^^^^^^^^^^^^^^^^
  File "C:\Users\shind\AppData\Local\Programs\Python\Python311\Lib\asyncio\base_events.py", line 654, in run_until_complete
    return future.result()
           ^^^^^^^^^^^^^^^
  File "D:\Company Project\taskflow-backend\.venv\Lib\site-packages\uvicorn\server.py", line 78, in serve
    await self.startup(sockets=sockets)
  File "D:\Company Project\taskflow-backend\.venv\Lib\site-packages\uvicorn\server.py", line 89, in startup
    await self.lifespan.startup()
  File "D:\Company Project\taskflow-backend\.venv\Lib\site-packages\uvicorn\lifespan\on.py", line 54, in startup
    await self.startup_event.wait()
  File "C:\Users\shind\AppData\Local\Programs\Python\Python311\Lib\asyncio\locks.py", line 213, in wait
    await fut
asyncio.exceptions.CancelledError

During handling of the above exception, another exception occurred:

Traceback (most recent call last):
  File "C:\Users\shind\AppData\Local\Programs\Python\Python311\Lib\multiprocessing\process.py", line 314, in _bootstrap
    self.run()
  File "C:\Users\shind\AppData\Local\Programs\Python\Python311\Lib\multiprocessing\process.py", line 108, in run
    self._target(*self._args, **self._kwargs)
  File "D:\Company Project\taskflow-backend\.venv\Lib\site-packages\uvicorn\_subprocess.py", line 76, in subprocess_started
    target(sockets=sockets)
  File "D:\Company Project\taskflow-backend\.venv\Lib\site-packages\uvicorn\server.py", line 61, in run
    return asyncio.run(self.serve(sockets=sockets))
           ^^^^^^^^^^^^^^^^^^^^^^^^^^^^^^^^^^^^^^^^
  File "C:\Users\shind\AppData\Local\Programs\Python\Python311\Lib\asyncio\runners.py", line 190, in run
    return runner.run(main)
           ^^^^^^^^^^^^^^^^
  File "C:\Users\shind\AppData\Local\Programs\Python\Python311\Lib\asyncio\runners.py", line 123, in run
    raise KeyboardInterrupt()
KeyboardInterrupt
WARNING:  WatchFiles detected changes in 'main.py'. Reloading...
INFO:     Started server process [16940]
INFO:     Waiting for application startup.
ERROR:    Traceback (most recent call last):
  File "C:\Users\shind\AppData\Local\Programs\Python\Python311\Lib\asyncio\runners.py", line 118, in run
    return self._loop.run_until_complete(task)
           ^^^^^^^^^^^^^^^^^^^^^^^^^^^^^^^^^^^
  File "C:\Users\shind\AppData\Local\Programs\Python\Python311\Lib\asyncio\base_events.py", line 654, in run_until_complete
    return future.result()
           ^^^^^^^^^^^^^^^
  File "D:\Company Project\taskflow-backend\.venv\Lib\site-packages\uvicorn\server.py", line 78, in serve
    await self.startup(sockets=sockets)
  File "D:\Company Project\taskflow-backend\.venv\Lib\site-packages\uvicorn\server.py", line 89, in startup
    await self.lifespan.startup()
  File "D:\Company Project\taskflow-backend\.venv\Lib\site-packages\uvicorn\lifespan\on.py", line 54, in startup
    await self.startup_event.wait()
  File "C:\Users\shind\AppData\Local\Programs\Python\Python311\Lib\asyncio\locks.py", line 213, in wait
    await fut
asyncio.exceptions.CancelledError

During handling of the above exception, another exception occurred:

Traceback (most recent call last):
  File "C:\Users\shind\AppData\Local\Programs\Python\Python311\Lib\asyncio\runners.py", line 190, in run
    return runner.run(main)
           ^^^^^^^^^^^^^^^^
  File "C:\Users\shind\AppData\Local\Programs\Python\Python311\Lib\asyncio\runners.py", line 123, in run
    raise KeyboardInterrupt()
KeyboardInterrupt

During handling of the above exception, another exception occurred:

Traceback (most recent call last):
  File "D:\Company Project\taskflow-backend\.venv\Lib\site-packages\starlette\routing.py", line 686, in lifespan
    await receive()
  File "D:\Company Project\taskflow-backend\.venv\Lib\site-packages\uvicorn\lifespan\on.py", line 137, in receive
    return await self.receive_queue.get()
           ^^^^^^^^^^^^^^^^^^^^^^^^^^^^^^
  File "C:\Users\shind\AppData\Local\Programs\Python\Python311\Lib\asyncio\queues.py", line 158, in get
    await getter
asyncio.exceptions.CancelledError

Process SpawnProcess-4:
Traceback (most recent call last):
  File "C:\Users\shind\AppData\Local\Programs\Python\Python311\Lib\asyncio\runners.py", line 118, in run
    return self._loop.run_until_complete(task)
           ^^^^^^^^^^^^^^^^^^^^^^^^^^^^^^^^^^^
  File "C:\Users\shind\AppData\Local\Programs\Python\Python311\Lib\asyncio\base_events.py", line 654, in run_until_complete
    return future.result()
           ^^^^^^^^^^^^^^^
  File "D:\Company Project\taskflow-backend\.venv\Lib\site-packages\uvicorn\server.py", line 78, in serve
    await self.startup(sockets=sockets)
  File "D:\Company Project\taskflow-backend\.venv\Lib\site-packages\uvicorn\server.py", line 89, in startup
    await self.lifespan.startup()
  File "D:\Company Project\taskflow-backend\.venv\Lib\site-packages\uvicorn\lifespan\on.py", line 54, in startup
    await self.startup_event.wait()
  File "C:\Users\shind\AppData\Local\Programs\Python\Python311\Lib\asyncio\locks.py", line 213, in wait
    await fut
asyncio.exceptions.CancelledError

During handling of the above exception, another exception occurred:

Traceback (most recent call last):
  File "C:\Users\shind\AppData\Local\Programs\Python\Python311\Lib\multiprocessing\process.py", line 314, in _bootstrap
    self.run()
  File "C:\Users\shind\AppData\Local\Programs\Python\Python311\Lib\multiprocessing\process.py", line 108, in run
    self._target(*self._args, **self._kwargs)
  File "D:\Company Project\taskflow-backend\.venv\Lib\site-packages\uvicorn\_subprocess.py", line 76, in subprocess_started
    target(sockets=sockets)
  File "D:\Company Project\taskflow-backend\.venv\Lib\site-packages\uvicorn\server.py", line 61, in run
    return asyncio.run(self.serve(sockets=sockets))
           ^^^^^^^^^^^^^^^^^^^^^^^^^^^^^^^^^^^^^^^^
  File "C:\Users\shind\AppData\Local\Programs\Python\Python311\Lib\asyncio\runners.py", line 190, in run
    return runner.run(main)
           ^^^^^^^^^^^^^^^^
  File "C:\Users\shind\AppData\Local\Programs\Python\Python311\Lib\asyncio\runners.py", line 123, in run
    raise KeyboardInterrupt()
KeyboardInterrupt
INFO:     Started server process [18788]
INFO:     Waiting for application startup.
INFO:     Application startup complete.
INFO:     ('127.0.0.1', 63696) - "WebSocket /ws/locations" [accepted]
INFO:     connection open
INFO:     ('127.0.0.1', 51350) - "WebSocket /ws/locations" [accepted]
INFO:     connection open
INFO:     ('127.0.0.1', 50422) - "WebSocket /ws/locations" [accepted]
INFO:     connection open
INFO:     connection closed
INFO:     ('127.0.0.1', 49671) - "WebSocket /ws/locations" [accepted]
INFO:     connection open
INFO:     ('127.0.0.1', 62991) - "WebSocket /ws/locations" [accepted]
INFO:     connection open
INFO:     connection closed
INFO:     ('127.0.0.1', 55458) - "WebSocket /ws/locations" [accepted]
INFO:     connection open
INFO:     connection closed
INFO:     ('127.0.0.1', 57676) - "WebSocket /ws/locations" [accepted]
INFO:     connection open
INFO:     connection closed
INFO:     ('127.0.0.1', 50664) - "WebSocket /ws/locations" [accepted]
INFO:     connection open
INFO:     ('127.0.0.1', 61254) - "WebSocket /ws/locations" [accepted]
INFO:     connection open
INFO:     ('127.0.0.1', 56709) - "WebSocket /ws/locations" [accepted]
INFO:     connection open
INFO:     connection closed
INFO:     ('127.0.0.1', 61471) - "WebSocket /ws/locations" [accepted]
INFO:     connection open
INFO:     ('127.0.0.1', 52077) - "WebSocket /ws/locations" [accepted]
INFO:     connection open
INFO:     ('127.0.0.1', 59946) - "WebSocket /ws/locations" [accepted]
INFO:     connection open
INFO:     connection closed
INFO:     connection closed
INFO:     connection closed
INFO:     connection closed
INFO:     connection closed
INFO:     ('127.0.0.1', 63490) - "WebSocket /ws/locations" [accepted]
INFO:     connection open
INFO:     connection closed
INFO:     ('127.0.0.1', 50317) - "WebSocket /ws/locations" [accepted]
INFO:     connection open
INFO:     ('127.0.0.1', 57354) - "WebSocket /ws/locations" [accepted]
INFO:     connection open
INFO:     connection closed
INFO:     ('127.0.0.1', 54517) - "WebSocket /ws/locations" [accepted]
INFO:     connection open
INFO:     connection closed
INFO:     connection closed
INFO:     ('127.0.0.1', 51464) - "WebSocket /ws/locations" [accepted]
INFO:     connection open
INFO:     ('127.0.0.1', 58465) - "WebSocket /ws/locations" [accepted]
INFO:     connection open
INFO:     ('127.0.0.1', 57462) - "WebSocket /ws/locations" [accepted]
INFO:     connection open
INFO:     connection closed
INFO:     connection closed
INFO:     ('127.0.0.1', 55785) - "WebSocket /ws/locations" [accepted]
INFO:     connection open
INFO:     ('127.0.0.1', 54570) - "WebSocket /ws/locations" [accepted]
INFO:     connection open
INFO:     connection closed
INFO:     connection closed
INFO:     ('127.0.0.1', 50576) - "WebSocket /ws/locations" [accepted]
INFO:     connection open
INFO:     ('127.0.0.1', 56584) - "WebSocket /ws/locations" [accepted]
INFO:     connection open
INFO:     ('127.0.0.1', 49154) - "WebSocket /ws/locations" [accepted]
INFO:     connection open
INFO:     ('127.0.0.1', 64992) - "WebSocket /ws/locations" [accepted]
INFO:     connection open
INFO:     ('127.0.0.1', 54924) - "WebSocket /ws/locations" [accepted]
INFO:     connection open
INFO:     connection closed
INFO:     ('127.0.0.1', 55213) - "WebSocket /ws/locations" [accepted]
INFO:     connection open
INFO:     connection closed
INFO:     connection closed
INFO:     ('127.0.0.1', 53893) - "WebSocket /ws/locations" [accepted]
INFO:     connection open
INFO:     connection closed
INFO:     ('127.0.0.1', 55072) - "WebSocket /ws/locations" [accepted]
INFO:     connection open
INFO:     connection closed
INFO:     ('127.0.0.1', 53843) - "WebSocket /ws/locations" [accepted]
INFO:     connection open
INFO:     connection closed
INFO:     ('127.0.0.1', 62924) - "WebSocket /ws/locations" [accepted]
INFO:     connection open
INFO:     ('127.0.0.1', 51514) - "WebSocket /ws/locations" [accepted]
INFO:     connection open
INFO:     connection closed
WARNING:  WatchFiles detected changes in 'schemas.py'. Reloading...
INFO:     Shutting down
INFO:     connection closed
INFO:     connection closed
INFO:     connection closed
INFO:     connection closed
INFO:     connection closed
INFO:     connection closed
INFO:     connection closed
INFO:     connection closed
INFO:     Waiting for application shutdown.
INFO:     Application shutdown complete.
INFO:     Finished server process [18788]
WARNING:  WatchFiles detected changes in 'main.py'. Reloading...
INFO:     Started server process [18688]
INFO:     Waiting for application startup.
ERROR:    Traceback (most recent call last):
  File "C:\Users\shind\AppData\Local\Programs\Python\Python311\Lib\asyncio\runners.py", line 118, in run
    return self._loop.run_until_complete(task)
           ^^^^^^^^^^^^^^^^^^^^^^^^^^^^^^^^^^^
  File "C:\Users\shind\AppData\Local\Programs\Python\Python311\Lib\asyncio\base_events.py", line 654, in run_until_complete
    return future.result()
           ^^^^^^^^^^^^^^^
  File "D:\Company Project\taskflow-backend\.venv\Lib\site-packages\uvicorn\server.py", line 78, in serve
    await self.startup(sockets=sockets)
  File "D:\Company Project\taskflow-backend\.venv\Lib\site-packages\uvicorn\server.py", line 89, in startup
    await self.lifespan.startup()
  File "D:\Company Project\taskflow-backend\.venv\Lib\site-packages\uvicorn\lifespan\on.py", line 54, in startup
    await self.startup_event.wait()
  File "C:\Users\shind\AppData\Local\Programs\Python\Python311\Lib\asyncio\locks.py", line 213, in wait
    await fut
asyncio.exceptions.CancelledError

During handling of the above exception, another exception occurred:

Traceback (most recent call last):
  File "C:\Users\shind\AppData\Local\Programs\Python\Python311\Lib\asyncio\runners.py", line 190, in run
    return runner.run(main)
           ^^^^^^^^^^^^^^^^
  File "C:\Users\shind\AppData\Local\Programs\Python\Python311\Lib\asyncio\runners.py", line 123, in run
    raise KeyboardInterrupt()
KeyboardInterrupt

During handling of the above exception, another exception occurred:

Traceback (most recent call last):
  File "D:\Company Project\taskflow-backend\.venv\Lib\site-packages\starlette\routing.py", line 686, in lifespan
    await receive()
  File "D:\Company Project\taskflow-backend\.venv\Lib\site-packages\uvicorn\lifespan\on.py", line 137, in receive
    return await self.receive_queue.get()
           ^^^^^^^^^^^^^^^^^^^^^^^^^^^^^^
  File "C:\Users\shind\AppData\Local\Programs\Python\Python311\Lib\asyncio\queues.py", line 158, in get
    await getter
asyncio.exceptions.CancelledError

Process SpawnProcess-6:
Traceback (most recent call last):
  File "C:\Users\shind\AppData\Local\Programs\Python\Python311\Lib\asyncio\runners.py", line 118, in run
    return self._loop.run_until_complete(task)
           ^^^^^^^^^^^^^^^^^^^^^^^^^^^^^^^^^^^
  File "C:\Users\shind\AppData\Local\Programs\Python\Python311\Lib\asyncio\base_events.py", line 654, in run_until_complete
    return future.result()
           ^^^^^^^^^^^^^^^
  File "D:\Company Project\taskflow-backend\.venv\Lib\site-packages\uvicorn\server.py", line 78, in serve
    await self.startup(sockets=sockets)
  File "D:\Company Project\taskflow-backend\.venv\Lib\site-packages\uvicorn\server.py", line 89, in startup
    await self.lifespan.startup()
  File "D:\Company Project\taskflow-backend\.venv\Lib\site-packages\uvicorn\lifespan\on.py", line 54, in startup
    await self.startup_event.wait()
  File "C:\Users\shind\AppData\Local\Programs\Python\Python311\Lib\asyncio\locks.py", line 213, in wait
    await fut
asyncio.exceptions.CancelledError

During handling of the above exception, another exception occurred:

Traceback (most recent call last):
  File "C:\Users\shind\AppData\Local\Programs\Python\Python311\Lib\multiprocessing\process.py", line 314, in _bootstrap
    self.run()
  File "C:\Users\shind\AppData\Local\Programs\Python\Python311\Lib\multiprocessing\process.py", line 108, in run
    self._target(*self._args, **self._kwargs)
  File "D:\Company Project\taskflow-backend\.venv\Lib\site-packages\uvicorn\_subprocess.py", line 76, in subprocess_started
    target(sockets=sockets)
  File "D:\Company Project\taskflow-backend\.venv\Lib\site-packages\uvicorn\server.py", line 61, in run
    return asyncio.run(self.serve(sockets=sockets))
           ^^^^^^^^^^^^^^^^^^^^^^^^^^^^^^^^^^^^^^^^
  File "C:\Users\shind\AppData\Local\Programs\Python\Python311\Lib\asyncio\runners.py", line 190, in run
    return runner.run(main)
           ^^^^^^^^^^^^^^^^
  File "C:\Users\shind\AppData\Local\Programs\Python\Python311\Lib\asyncio\runners.py", line 123, in run
    raise KeyboardInterrupt()
KeyboardInterrupt
WARNING:  WatchFiles detected changes in 'main.py'. Reloading...
INFO:     Started server process [9484]
INFO:     Waiting for application startup.
ERROR:    Traceback (most recent call last):
  File "C:\Users\shind\AppData\Local\Programs\Python\Python311\Lib\asyncio\runners.py", line 118, in run
    return self._loop.run_until_complete(task)
           ^^^^^^^^^^^^^^^^^^^^^^^^^^^^^^^^^^^
  File "C:\Users\shind\AppData\Local\Programs\Python\Python311\Lib\asyncio\base_events.py", line 654, in run_until_complete
    return future.result()
           ^^^^^^^^^^^^^^^
  File "D:\Company Project\taskflow-backend\.venv\Lib\site-packages\uvicorn\server.py", line 78, in serve
    await self.startup(sockets=sockets)
  File "D:\Company Project\taskflow-backend\.venv\Lib\site-packages\uvicorn\server.py", line 89, in startup
    await self.lifespan.startup()
  File "D:\Company Project\taskflow-backend\.venv\Lib\site-packages\uvicorn\lifespan\on.py", line 54, in startup
    await self.startup_event.wait()
  File "C:\Users\shind\AppData\Local\Programs\Python\Python311\Lib\asyncio\locks.py", line 213, in wait
    await fut
asyncio.exceptions.CancelledError

During handling of the above exception, another exception occurred:

Traceback (most recent call last):
  File "C:\Users\shind\AppData\Local\Programs\Python\Python311\Lib\asyncio\runners.py", line 190, in run
    return runner.run(main)
           ^^^^^^^^^^^^^^^^
  File "C:\Users\shind\AppData\Local\Programs\Python\Python311\Lib\asyncio\runners.py", line 123, in run
    raise KeyboardInterrupt()
KeyboardInterrupt

During handling of the above exception, another exception occurred:

Traceback (most recent call last):
  File "D:\Company Project\taskflow-backend\.venv\Lib\site-packages\starlette\routing.py", line 686, in lifespan
    await receive()
  File "D:\Company Project\taskflow-backend\.venv\Lib\site-packages\uvicorn\lifespan\on.py", line 137, in receive
    return await self.receive_queue.get()
           ^^^^^^^^^^^^^^^^^^^^^^^^^^^^^^
  File "C:\Users\shind\AppData\Local\Programs\Python\Python311\Lib\asyncio\queues.py", line 158, in get
    await getter
asyncio.exceptions.CancelledError

Process SpawnProcess-7:
Traceback (most recent call last):
  File "C:\Users\shind\AppData\Local\Programs\Python\Python311\Lib\asyncio\runners.py", line 118, in run
    return self._loop.run_until_complete(task)
           ^^^^^^^^^^^^^^^^^^^^^^^^^^^^^^^^^^^
  File "C:\Users\shind\AppData\Local\Programs\Python\Python311\Lib\asyncio\base_events.py", line 654, in run_until_complete
    return future.result()
           ^^^^^^^^^^^^^^^
  File "D:\Company Project\taskflow-backend\.venv\Lib\site-packages\uvicorn\server.py", line 78, in serve
    await self.startup(sockets=sockets)
  File "D:\Company Project\taskflow-backend\.venv\Lib\site-packages\uvicorn\server.py", line 89, in startup
    await self.lifespan.startup()
  File "D:\Company Project\taskflow-backend\.venv\Lib\site-packages\uvicorn\lifespan\on.py", line 54, in startup
    await self.startup_event.wait()
  File "C:\Users\shind\AppData\Local\Programs\Python\Python311\Lib\asyncio\locks.py", line 213, in wait
    await fut
asyncio.exceptions.CancelledError

During handling of the above exception, another exception occurred:

Traceback (most recent call last):
  File "C:\Users\shind\AppData\Local\Programs\Python\Python311\Lib\multiprocessing\process.py", line 314, in _bootstrap
    self.run()
  File "C:\Users\shind\AppData\Local\Programs\Python\Python311\Lib\multiprocessing\process.py", line 108, in run
    self._target(*self._args, **self._kwargs)
  File "D:\Company Project\taskflow-backend\.venv\Lib\site-packages\uvicorn\_subprocess.py", line 76, in subprocess_started
    target(sockets=sockets)
  File "D:\Company Project\taskflow-backend\.venv\Lib\site-packages\uvicorn\server.py", line 61, in run
    return asyncio.run(self.serve(sockets=sockets))
           ^^^^^^^^^^^^^^^^^^^^^^^^^^^^^^^^^^^^^^^^
  File "C:\Users\shind\AppData\Local\Programs\Python\Python311\Lib\asyncio\runners.py", line 190, in run
    return runner.run(main)
           ^^^^^^^^^^^^^^^^
  File "C:\Users\shind\AppData\Local\Programs\Python\Python311\Lib\asyncio\runners.py", line 123, in run
    raise KeyboardInterrupt()
KeyboardInterrupt
INFO:     Started server process [19328]
INFO:     Waiting for application startup.
INFO:     Application startup complete.
INFO:     ('127.0.0.1', 58002) - "WebSocket /ws/locations" [accepted]
INFO:     connection open
WARNING:  WatchFiles detected changes in 'main.py'. Reloading...
INFO:     Shutting down
INFO:     connection closed
INFO:     Waiting for application shutdown.
INFO:     Application shutdown complete.
INFO:     Finished server process [19328]
WARNING:  WatchFiles detected changes in 'main.py'. Reloading...
INFO:     Started server process [15760]
INFO:     Waiting for application startup.
ERROR:    Traceback (most recent call last):
  File "C:\Users\shind\AppData\Local\Programs\Python\Python311\Lib\asyncio\runners.py", line 118, in run
    return self._loop.run_until_complete(task)
           ^^^^^^^^^^^^^^^^^^^^^^^^^^^^^^^^^^^
  File "C:\Users\shind\AppData\Local\Programs\Python\Python311\Lib\asyncio\base_events.py", line 654, in run_until_complete
    return future.result()
           ^^^^^^^^^^^^^^^
  File "D:\Company Project\taskflow-backend\.venv\Lib\site-packages\uvicorn\server.py", line 78, in serve
    await self.startup(sockets=sockets)
  File "D:\Company Project\taskflow-backend\.venv\Lib\site-packages\uvicorn\server.py", line 89, in startup
    await self.lifespan.startup()
  File "D:\Company Project\taskflow-backend\.venv\Lib\site-packages\uvicorn\lifespan\on.py", line 54, in startup
    await self.startup_event.wait()
  File "C:\Users\shind\AppData\Local\Programs\Python\Python311\Lib\asyncio\locks.py", line 213, in wait
    await fut
asyncio.exceptions.CancelledError

During handling of the above exception, another exception occurred:

Traceback (most recent call last):
  File "C:\Users\shind\AppData\Local\Programs\Python\Python311\Lib\asyncio\runners.py", line 190, in run
    return runner.run(main)
           ^^^^^^^^^^^^^^^^
  File "C:\Users\shind\AppData\Local\Programs\Python\Python311\Lib\asyncio\runners.py", line 123, in run
    raise KeyboardInterrupt()
KeyboardInterrupt

During handling of the above exception, another exception occurred:

Traceback (most recent call last):
  File "D:\Company Project\taskflow-backend\.venv\Lib\site-packages\starlette\routing.py", line 686, in lifespan
    await receive()
  File "D:\Company Project\taskflow-backend\.venv\Lib\site-packages\uvicorn\lifespan\on.py", line 137, in receive
    return await self.receive_queue.get()
           ^^^^^^^^^^^^^^^^^^^^^^^^^^^^^^
  File "C:\Users\shind\AppData\Local\Programs\Python\Python311\Lib\asyncio\queues.py", line 158, in get
    await getter
asyncio.exceptions.CancelledError

Process SpawnProcess-9:
Traceback (most recent call last):
  File "C:\Users\shind\AppData\Local\Programs\Python\Python311\Lib\asyncio\runners.py", line 118, in run
    return self._loop.run_until_complete(task)
           ^^^^^^^^^^^^^^^^^^^^^^^^^^^^^^^^^^^
  File "C:\Users\shind\AppData\Local\Programs\Python\Python311\Lib\asyncio\base_events.py", line 654, in run_until_complete
    return future.result()
           ^^^^^^^^^^^^^^^
  File "D:\Company Project\taskflow-backend\.venv\Lib\site-packages\uvicorn\server.py", line 78, in serve
    await self.startup(sockets=sockets)
  File "D:\Company Project\taskflow-backend\.venv\Lib\site-packages\uvicorn\server.py", line 89, in startup
    await self.lifespan.startup()
  File "D:\Company Project\taskflow-backend\.venv\Lib\site-packages\uvicorn\lifespan\on.py", line 54, in startup
    await self.startup_event.wait()
  File "C:\Users\shind\AppData\Local\Programs\Python\Python311\Lib\asyncio\locks.py", line 213, in wait
    await fut
asyncio.exceptions.CancelledError

During handling of the above exception, another exception occurred:

Traceback (most recent call last):
  File "C:\Users\shind\AppData\Local\Programs\Python\Python311\Lib\multiprocessing\process.py", line 314, in _bootstrap
    self.run()
  File "C:\Users\shind\AppData\Local\Programs\Python\Python311\Lib\multiprocessing\process.py", line 108, in run
    self._target(*self._args, **self._kwargs)
  File "D:\Company Project\taskflow-backend\.venv\Lib\site-packages\uvicorn\_subprocess.py", line 76, in subprocess_started
    target(sockets=sockets)
  File "D:\Company Project\taskflow-backend\.venv\Lib\site-packages\uvicorn\server.py", line 61, in run
    return asyncio.run(self.serve(sockets=sockets))
           ^^^^^^^^^^^^^^^^^^^^^^^^^^^^^^^^^^^^^^^^
  File "C:\Users\shind\AppData\Local\Programs\Python\Python311\Lib\asyncio\runners.py", line 190, in run
    return runner.run(main)
           ^^^^^^^^^^^^^^^^
  File "C:\Users\shind\AppData\Local\Programs\Python\Python311\Lib\asyncio\runners.py", line 123, in run
    raise KeyboardInterrupt()
KeyboardInterrupt
INFO:     Started server process [21452]
INFO:     Waiting for application startup.
INFO:     Application startup complete.
WARNING:  WatchFiles detected changes in 'main.py'. Reloading...
INFO:     Shutting down
INFO:     Waiting for application shutdown.
INFO:     Application shutdown complete.
INFO:     Finished server process [21452]
INFO:     Started server process [9600]
INFO:     Waiting for application startup.
INFO:     Application startup complete.
INFO:     ('127.0.0.1', 52492) - "WebSocket /ws/locations" [accepted]
INFO:     connection open
INFO:     ('127.0.0.1', 56514) - "WebSocket /ws/locations" [accepted]
INFO:     connection open
INFO:     ('127.0.0.1', 58636) - "WebSocket /ws/locations" [accepted]
INFO:     connection open
INFO:     ('127.0.0.1', 56363) - "WebSocket /ws/locations" [accepted]
INFO:     connection open
INFO:     ('127.0.0.1', 61309) - "WebSocket /ws/locations" [accepted]
INFO:     connection open
INFO:     connection closed
INFO:     connection closed
INFO:     connection closed
INFO:     connection closed
INFO:     ('127.0.0.1', 51165) - "WebSocket /ws/locations" [accepted]
INFO:     connection open
INFO:     ('127.0.0.1', 56575) - "WebSocket /ws/locations" [accepted]
INFO:     connection open
INFO:     connection closed
INFO:     connection closed
INFO:     ('127.0.0.1', 49258) - "WebSocket /ws/locations" [accepted]
INFO:     connection open
INFO:     ('127.0.0.1', 63988) - "WebSocket /ws/locations" [accepted]
INFO:     connection open
INFO:     ('127.0.0.1', 56172) - "WebSocket /ws/locations" [accepted]
INFO:     connection open
INFO:     connection closed
INFO:     ('127.0.0.1', 53265) - "WebSocket /ws/locations" [accepted]
INFO:     connection open
INFO:     connection closed
INFO:     connection closed
INFO:     connection closed
INFO:     ('127.0.0.1', 56181) - "WebSocket /ws/locations" [accepted]
INFO:     connection open
INFO:     ('127.0.0.1', 63892) - "WebSocket /ws/locations" [accepted]
INFO:     connection open
WARNING:  WatchFiles detected changes in 'models.py'. Reloading...
INFO:     Shutting down
INFO:     connection closed
INFO:     connection closed
INFO:     connection closed
INFO:     Waiting for application shutdown.
INFO:     Application shutdown complete.
INFO:     Finished server process [9600]
WARNING:  WatchFiles detected changes in 'auth_utils.py'. Reloading...
INFO:     Started server process [20956]
INFO:     Waiting for application startup.
ERROR:    Traceback (most recent call last):
  File "C:\Users\shind\AppData\Local\Programs\Python\Python311\Lib\asyncio\runners.py", line 118, in run
    return self._loop.run_until_complete(task)
           ^^^^^^^^^^^^^^^^^^^^^^^^^^^^^^^^^^^
  File "C:\Users\shind\AppData\Local\Programs\Python\Python311\Lib\asyncio\base_events.py", line 654, in run_until_complete
    return future.result()
           ^^^^^^^^^^^^^^^
  File "D:\Company Project\taskflow-backend\.venv\Lib\site-packages\uvicorn\server.py", line 78, in serve
    await self.startup(sockets=sockets)
  File "D:\Company Project\taskflow-backend\.venv\Lib\site-packages\uvicorn\server.py", line 89, in startup
    await self.lifespan.startup()
  File "D:\Company Project\taskflow-backend\.venv\Lib\site-packages\uvicorn\lifespan\on.py", line 54, in startup
    await self.startup_event.wait()
  File "C:\Users\shind\AppData\Local\Programs\Python\Python311\Lib\asyncio\locks.py", line 213, in wait
    await fut
asyncio.exceptions.CancelledError

During handling of the above exception, another exception occurred:

Traceback (most recent call last):
  File "C:\Users\shind\AppData\Local\Programs\Python\Python311\Lib\asyncio\runners.py", line 190, in run
    return runner.run(main)
           ^^^^^^^^^^^^^^^^
  File "C:\Users\shind\AppData\Local\Programs\Python\Python311\Lib\asyncio\runners.py", line 123, in run
    raise KeyboardInterrupt()
KeyboardInterrupt

During handling of the above exception, another exception occurred:

Traceback (most recent call last):
  File "D:\Company Project\taskflow-backend\.venv\Lib\site-packages\starlette\routing.py", line 686, in lifespan
    await receive()
  File "D:\Company Project\taskflow-backend\.venv\Lib\site-packages\uvicorn\lifespan\on.py", line 137, in receive
    return await self.receive_queue.get()
           ^^^^^^^^^^^^^^^^^^^^^^^^^^^^^^
  File "C:\Users\shind\AppData\Local\Programs\Python\Python311\Lib\asyncio\queues.py", line 158, in get
    await getter
asyncio.exceptions.CancelledError

Process SpawnProcess-12:
Traceback (most recent call last):
  File "C:\Users\shind\AppData\Local\Programs\Python\Python311\Lib\asyncio\runners.py", line 118, in run
    return self._loop.run_until_complete(task)
           ^^^^^^^^^^^^^^^^^^^^^^^^^^^^^^^^^^^
  File "C:\Users\shind\AppData\Local\Programs\Python\Python311\Lib\asyncio\base_events.py", line 654, in run_until_complete
    return future.result()
           ^^^^^^^^^^^^^^^
  File "D:\Company Project\taskflow-backend\.venv\Lib\site-packages\uvicorn\server.py", line 78, in serve
    await self.startup(sockets=sockets)
  File "D:\Company Project\taskflow-backend\.venv\Lib\site-packages\uvicorn\server.py", line 89, in startup
    await self.lifespan.startup()
  File "D:\Company Project\taskflow-backend\.venv\Lib\site-packages\uvicorn\lifespan\on.py", line 54, in startup
    await self.startup_event.wait()
  File "C:\Users\shind\AppData\Local\Programs\Python\Python311\Lib\asyncio\locks.py", line 213, in wait
    await fut
asyncio.exceptions.CancelledError

During handling of the above exception, another exception occurred:

Traceback (most recent call last):
  File "C:\Users\shind\AppData\Local\Programs\Python\Python311\Lib\multiprocessing\process.py", line 314, in _bootstrap
    self.run()
  File "C:\Users\shind\AppData\Local\Programs\Python\Python311\Lib\multiprocessing\process.py", line 108, in run
    self._target(*self._args, **self._kwargs)
  File "D:\Company Project\taskflow-backend\.venv\Lib\site-packages\uvicorn\_subprocess.py", line 76, in subprocess_started
    target(sockets=sockets)
  File "D:\Company Project\taskflow-backend\.venv\Lib\site-packages\uvicorn\server.py", line 61, in run
    return asyncio.run(self.serve(sockets=sockets))
           ^^^^^^^^^^^^^^^^^^^^^^^^^^^^^^^^^^^^^^^^
  File "C:\Users\shind\AppData\Local\Programs\Python\Python311\Lib\asyncio\runners.py", line 190, in run
    return runner.run(main)
           ^^^^^^^^^^^^^^^^
  File "C:\Users\shind\AppData\Local\Programs\Python\Python311\Lib\asyncio\runners.py", line 123, in run
    raise KeyboardInterrupt()
KeyboardInterrupt
INFO:     Started server process [10964]
INFO:     Waiting for application startup.
INFO:     Application startup complete.
WARNING:  WatchFiles detected changes in 'main.py'. Reloading...
INFO:     Shutting down
INFO:     Waiting for application shutdown.
INFO:     Application shutdown complete.
INFO:     Finished server process [10964]
WARNING:  WatchFiles detected changes in 'main.py'. Reloading...
INFO:     Started server process [18284]
INFO:     Waiting for application startup.
ERROR:    Traceback (most recent call last):
  File "C:\Users\shind\AppData\Local\Programs\Python\Python311\Lib\asyncio\runners.py", line 118, in run
    return self._loop.run_until_complete(task)
           ^^^^^^^^^^^^^^^^^^^^^^^^^^^^^^^^^^^
  File "C:\Users\shind\AppData\Local\Programs\Python\Python311\Lib\asyncio\base_events.py", line 654, in run_until_complete
    return future.result()
           ^^^^^^^^^^^^^^^
  File "D:\Company Project\taskflow-backend\.venv\Lib\site-packages\uvicorn\server.py", line 78, in serve
    await self.startup(sockets=sockets)
  File "D:\Company Project\taskflow-backend\.venv\Lib\site-packages\uvicorn\server.py", line 89, in startup
    await self.lifespan.startup()
  File "D:\Company Project\taskflow-backend\.venv\Lib\site-packages\uvicorn\lifespan\on.py", line 54, in startup
    await self.startup_event.wait()
  File "C:\Users\shind\AppData\Local\Programs\Python\Python311\Lib\asyncio\locks.py", line 213, in wait
    await fut
asyncio.exceptions.CancelledError

During handling of the above exception, another exception occurred:

Traceback (most recent call last):
  File "C:\Users\shind\AppData\Local\Programs\Python\Python311\Lib\asyncio\runners.py", line 190, in run
    return runner.run(main)
           ^^^^^^^^^^^^^^^^
  File "C:\Users\shind\AppData\Local\Programs\Python\Python311\Lib\asyncio\runners.py", line 123, in run
    raise KeyboardInterrupt()
KeyboardInterrupt

During handling of the above exception, another exception occurred:

Traceback (most recent call last):
  File "D:\Company Project\taskflow-backend\.venv\Lib\site-packages\starlette\routing.py", line 686, in lifespan
    await receive()
  File "D:\Company Project\taskflow-backend\.venv\Lib\site-packages\uvicorn\lifespan\on.py", line 137, in receive
    return await self.receive_queue.get()
           ^^^^^^^^^^^^^^^^^^^^^^^^^^^^^^
  File "C:\Users\shind\AppData\Local\Programs\Python\Python311\Lib\asyncio\queues.py", line 158, in get
    await getter
asyncio.exceptions.CancelledError

Process SpawnProcess-14:
Traceback (most recent call last):
  File "C:\Users\shind\AppData\Local\Programs\Python\Python311\Lib\asyncio\runners.py", line 118, in run
    return self._loop.run_until_complete(task)
           ^^^^^^^^^^^^^^^^^^^^^^^^^^^^^^^^^^^
  File "C:\Users\shind\AppData\Local\Programs\Python\Python311\Lib\asyncio\base_events.py", line 654, in run_until_complete
    return future.result()
           ^^^^^^^^^^^^^^^
  File "D:\Company Project\taskflow-backend\.venv\Lib\site-packages\uvicorn\server.py", line 78, in serve
    await self.startup(sockets=sockets)
  File "D:\Company Project\taskflow-backend\.venv\Lib\site-packages\uvicorn\server.py", line 89, in startup
    await self.lifespan.startup()
  File "D:\Company Project\taskflow-backend\.venv\Lib\site-packages\uvicorn\lifespan\on.py", line 54, in startup
    await self.startup_event.wait()
  File "C:\Users\shind\AppData\Local\Programs\Python\Python311\Lib\asyncio\locks.py", line 213, in wait
    await fut
asyncio.exceptions.CancelledError

During handling of the above exception, another exception occurred:

Traceback (most recent call last):
  File "C:\Users\shind\AppData\Local\Programs\Python\Python311\Lib\multiprocessing\process.py", line 314, in _bootstrap
    self.run()
  File "C:\Users\shind\AppData\Local\Programs\Python\Python311\Lib\multiprocessing\process.py", line 108, in run
    self._target(*self._args, **self._kwargs)
  File "D:\Company Project\taskflow-backend\.venv\Lib\site-packages\uvicorn\_subprocess.py", line 76, in subprocess_started
    target(sockets=sockets)
  File "D:\Company Project\taskflow-backend\.venv\Lib\site-packages\uvicorn\server.py", line 61, in run
    return asyncio.run(self.serve(sockets=sockets))
           ^^^^^^^^^^^^^^^^^^^^^^^^^^^^^^^^^^^^^^^^
  File "C:\Users\shind\AppData\Local\Programs\Python\Python311\Lib\asyncio\runners.py", line 190, in run
    return runner.run(main)
           ^^^^^^^^^^^^^^^^
  File "C:\Users\shind\AppData\Local\Programs\Python\Python311\Lib\asyncio\runners.py", line 123, in run
    raise KeyboardInterrupt()
KeyboardInterrupt
WARNING:  WatchFiles detected changes in 'main.py'. Reloading...
INFO:     Started server process [12928]
INFO:     Waiting for application startup.
ERROR:    Traceback (most recent call last):
  File "C:\Users\shind\AppData\Local\Programs\Python\Python311\Lib\asyncio\runners.py", line 118, in run
    return self._loop.run_until_complete(task)
           ^^^^^^^^^^^^^^^^^^^^^^^^^^^^^^^^^^^
  File "C:\Users\shind\AppData\Local\Programs\Python\Python311\Lib\asyncio\base_events.py", line 654, in run_until_complete
    return future.result()
           ^^^^^^^^^^^^^^^
  File "D:\Company Project\taskflow-backend\.venv\Lib\site-packages\uvicorn\server.py", line 78, in serve
    await self.startup(sockets=sockets)
  File "D:\Company Project\taskflow-backend\.venv\Lib\site-packages\uvicorn\server.py", line 89, in startup
    await self.lifespan.startup()
  File "D:\Company Project\taskflow-backend\.venv\Lib\site-packages\uvicorn\lifespan\on.py", line 54, in startup
    await self.startup_event.wait()
  File "C:\Users\shind\AppData\Local\Programs\Python\Python311\Lib\asyncio\locks.py", line 213, in wait
    await fut
asyncio.exceptions.CancelledError

During handling of the above exception, another exception occurred:

Traceback (most recent call last):
  File "C:\Users\shind\AppData\Local\Programs\Python\Python311\Lib\asyncio\runners.py", line 190, in run
    return runner.run(main)
           ^^^^^^^^^^^^^^^^
  File "C:\Users\shind\AppData\Local\Programs\Python\Python311\Lib\asyncio\runners.py", line 123, in run
    raise KeyboardInterrupt()
KeyboardInterrupt

During handling of the above exception, another exception occurred:

Traceback (most recent call last):
  File "D:\Company Project\taskflow-backend\.venv\Lib\site-packages\starlette\routing.py", line 686, in lifespan
    await receive()
  File "D:\Company Project\taskflow-backend\.venv\Lib\site-packages\uvicorn\lifespan\on.py", line 137, in receive
    return await self.receive_queue.get()
           ^^^^^^^^^^^^^^^^^^^^^^^^^^^^^^
  File "C:\Users\shind\AppData\Local\Programs\Python\Python311\Lib\asyncio\queues.py", line 158, in get
    await getter
asyncio.exceptions.CancelledError

Process SpawnProcess-15:
Traceback (most recent call last):
  File "C:\Users\shind\AppData\Local\Programs\Python\Python311\Lib\asyncio\runners.py", line 118, in run
    return self._loop.run_until_complete(task)
           ^^^^^^^^^^^^^^^^^^^^^^^^^^^^^^^^^^^
  File "C:\Users\shind\AppData\Local\Programs\Python\Python311\Lib\asyncio\base_events.py", line 654, in run_until_complete
    return future.result()
           ^^^^^^^^^^^^^^^
  File "D:\Company Project\taskflow-backend\.venv\Lib\site-packages\uvicorn\server.py", line 78, in serve
    await self.startup(sockets=sockets)
  File "D:\Company Project\taskflow-backend\.venv\Lib\site-packages\uvicorn\server.py", line 89, in startup
    await self.lifespan.startup()
  File "D:\Company Project\taskflow-backend\.venv\Lib\site-packages\uvicorn\lifespan\on.py", line 54, in startup
    await self.startup_event.wait()
  File "C:\Users\shind\AppData\Local\Programs\Python\Python311\Lib\asyncio\locks.py", line 213, in wait
    await fut
asyncio.exceptions.CancelledError

During handling of the above exception, another exception occurred:

Traceback (most recent call last):
  File "C:\Users\shind\AppData\Local\Programs\Python\Python311\Lib\multiprocessing\process.py", line 314, in _bootstrap
    self.run()
  File "C:\Users\shind\AppData\Local\Programs\Python\Python311\Lib\multiprocessing\process.py", line 108, in run
    self._target(*self._args, **self._kwargs)
  File "D:\Company Project\taskflow-backend\.venv\Lib\site-packages\uvicorn\_subprocess.py", line 76, in subprocess_started
    target(sockets=sockets)
  File "D:\Company Project\taskflow-backend\.venv\Lib\site-packages\uvicorn\server.py", line 61, in run
    return asyncio.run(self.serve(sockets=sockets))
           ^^^^^^^^^^^^^^^^^^^^^^^^^^^^^^^^^^^^^^^^
  File "C:\Users\shind\AppData\Local\Programs\Python\Python311\Lib\asyncio\runners.py", line 190, in run
    return runner.run(main)
           ^^^^^^^^^^^^^^^^
  File "C:\Users\shind\AppData\Local\Programs\Python\Python311\Lib\asyncio\runners.py", line 123, in run
    raise KeyboardInterrupt()
KeyboardInterrupt
INFO:     Started server process [21888]
INFO:     Waiting for application startup.
INFO:     Application startup complete.
WARNING:  WatchFiles detected changes in 'main.py'. Reloading...
INFO:     Shutting down
INFO:     Waiting for application shutdown.
INFO:     Application shutdown complete.
INFO:     Finished server process [21888]
INFO:     Started server process [24920]
INFO:     Waiting for application startup.
INFO:     Application startup complete.
WARNING:  WatchFiles detected changes in 'schemas.py'. Reloading...
INFO:     Shutting down
INFO:     Waiting for application shutdown.
INFO:     Application shutdown complete.
INFO:     Finished server process [24920]
WARNING:  WatchFiles detected changes in 'main.py'. Reloading...
INFO:     Started server process [11248]
INFO:     Waiting for application startup.
ERROR:    Traceback (most recent call last):
  File "C:\Users\shind\AppData\Local\Programs\Python\Python311\Lib\asyncio\runners.py", line 118, in run
    return self._loop.run_until_complete(task)
           ^^^^^^^^^^^^^^^^^^^^^^^^^^^^^^^^^^^
  File "C:\Users\shind\AppData\Local\Programs\Python\Python311\Lib\asyncio\base_events.py", line 654, in run_until_complete
    return future.result()
           ^^^^^^^^^^^^^^^
  File "D:\Company Project\taskflow-backend\.venv\Lib\site-packages\uvicorn\server.py", line 78, in serve
    await self.startup(sockets=sockets)
  File "D:\Company Project\taskflow-backend\.venv\Lib\site-packages\uvicorn\server.py", line 89, in startup
    await self.lifespan.startup()
  File "D:\Company Project\taskflow-backend\.venv\Lib\site-packages\uvicorn\lifespan\on.py", line 54, in startup
    await self.startup_event.wait()
  File "C:\Users\shind\AppData\Local\Programs\Python\Python311\Lib\asyncio\locks.py", line 213, in wait
    await fut
asyncio.exceptions.CancelledError

During handling of the above exception, another exception occurred:

Traceback (most recent call last):
  File "C:\Users\shind\AppData\Local\Programs\Python\Python311\Lib\asyncio\runners.py", line 190, in run
    return runner.run(main)
           ^^^^^^^^^^^^^^^^
  File "C:\Users\shind\AppData\Local\Programs\Python\Python311\Lib\asyncio\runners.py", line 123, in run
    raise KeyboardInterrupt()
KeyboardInterrupt

During handling of the above exception, another exception occurred:

Traceback (most recent call last):
  File "D:\Company Project\taskflow-backend\.venv\Lib\site-packages\starlette\routing.py", line 686, in lifespan
    await receive()
  File "D:\Company Project\taskflow-backend\.venv\Lib\site-packages\uvicorn\lifespan\on.py", line 137, in receive
    return await self.receive_queue.get()
           ^^^^^^^^^^^^^^^^^^^^^^^^^^^^^^
  File "C:\Users\shind\AppData\Local\Programs\Python\Python311\Lib\asyncio\queues.py", line 158, in get
    await getter
asyncio.exceptions.CancelledError

Process SpawnProcess-18:
Traceback (most recent call last):
  File "C:\Users\shind\AppData\Local\Programs\Python\Python311\Lib\asyncio\runners.py", line 118, in run
    return self._loop.run_until_complete(task)
           ^^^^^^^^^^^^^^^^^^^^^^^^^^^^^^^^^^^
  File "C:\Users\shind\AppData\Local\Programs\Python\Python311\Lib\asyncio\base_events.py", line 654, in run_until_complete
    return future.result()
           ^^^^^^^^^^^^^^^
  File "D:\Company Project\taskflow-backend\.venv\Lib\site-packages\uvicorn\server.py", line 78, in serve
    await self.startup(sockets=sockets)
  File "D:\Company Project\taskflow-backend\.venv\Lib\site-packages\uvicorn\server.py", line 89, in startup
    await self.lifespan.startup()
  File "D:\Company Project\taskflow-backend\.venv\Lib\site-packages\uvicorn\lifespan\on.py", line 54, in startup
    await self.startup_event.wait()
  File "C:\Users\shind\AppData\Local\Programs\Python\Python311\Lib\asyncio\locks.py", line 213, in wait
    await fut
asyncio.exceptions.CancelledError

During handling of the above exception, another exception occurred:

Traceback (most recent call last):
  File "C:\Users\shind\AppData\Local\Programs\Python\Python311\Lib\multiprocessing\process.py", line 314, in _bootstrap
    self.run()
  File "C:\Users\shind\AppData\Local\Programs\Python\Python311\Lib\multiprocessing\process.py", line 108, in run
    self._target(*self._args, **self._kwargs)
  File "D:\Company Project\taskflow-backend\.venv\Lib\site-packages\uvicorn\_subprocess.py", line 76, in subprocess_started
    target(sockets=sockets)
  File "D:\Company Project\taskflow-backend\.venv\Lib\site-packages\uvicorn\server.py", line 61, in run
    return asyncio.run(self.serve(sockets=sockets))
           ^^^^^^^^^^^^^^^^^^^^^^^^^^^^^^^^^^^^^^^^
  File "C:\Users\shind\AppData\Local\Programs\Python\Python311\Lib\asyncio\runners.py", line 190, in run
    return runner.run(main)
           ^^^^^^^^^^^^^^^^
  File "C:\Users\shind\AppData\Local\Programs\Python\Python311\Lib\asyncio\runners.py", line 123, in run
    raise KeyboardInterrupt()
KeyboardInterrupt
INFO:     Started server process [22512]
INFO:     Waiting for application startup.
INFO:     Application startup complete.
WARNING:  WatchFiles detected changes in 'main.py'. Reloading...
INFO:     Shutting down
INFO:     Waiting for application shutdown.
INFO:     Application shutdown complete.
INFO:     Finished server process [22512]
WARNING:  WatchFiles detected changes in 'main.py'. Reloading...
INFO:     Started server process [25432]
INFO:     Waiting for application startup.
ERROR:    Traceback (most recent call last):
  File "C:\Users\shind\AppData\Local\Programs\Python\Python311\Lib\asyncio\runners.py", line 118, in run
    return self._loop.run_until_complete(task)
           ^^^^^^^^^^^^^^^^^^^^^^^^^^^^^^^^^^^
  File "C:\Users\shind\AppData\Local\Programs\Python\Python311\Lib\asyncio\base_events.py", line 654, in run_until_complete
    return future.result()
           ^^^^^^^^^^^^^^^
  File "D:\Company Project\taskflow-backend\.venv\Lib\site-packages\uvicorn\server.py", line 78, in serve
    await self.startup(sockets=sockets)
  File "D:\Company Project\taskflow-backend\.venv\Lib\site-packages\uvicorn\server.py", line 89, in startup
    await self.lifespan.startup()
  File "D:\Company Project\taskflow-backend\.venv\Lib\site-packages\uvicorn\lifespan\on.py", line 54, in startup
    await self.startup_event.wait()
  File "C:\Users\shind\AppData\Local\Programs\Python\Python311\Lib\asyncio\locks.py", line 213, in wait
    await fut
asyncio.exceptions.CancelledError

During handling of the above exception, another exception occurred:

Traceback (most recent call last):
  File "C:\Users\shind\AppData\Local\Programs\Python\Python311\Lib\asyncio\runners.py", line 190, in run
    return runner.run(main)
           ^^^^^^^^^^^^^^^^
  File "C:\Users\shind\AppData\Local\Programs\Python\Python311\Lib\asyncio\runners.py", line 123, in run
    raise KeyboardInterrupt()
KeyboardInterrupt

During handling of the above exception, another exception occurred:

Traceback (most recent call last):
  File "D:\Company Project\taskflow-backend\.venv\Lib\site-packages\starlette\routing.py", line 686, in lifespan
    await receive()
  File "D:\Company Project\taskflow-backend\.venv\Lib\site-packages\uvicorn\lifespan\on.py", line 137, in receive
    return await self.receive_queue.get()
           ^^^^^^^^^^^^^^^^^^^^^^^^^^^^^^
  File "C:\Users\shind\AppData\Local\Programs\Python\Python311\Lib\asyncio\queues.py", line 158, in get
    await getter
asyncio.exceptions.CancelledError

Process SpawnProcess-20:
Traceback (most recent call last):
  File "C:\Users\shind\AppData\Local\Programs\Python\Python311\Lib\asyncio\runners.py", line 118, in run
    return self._loop.run_until_complete(task)
           ^^^^^^^^^^^^^^^^^^^^^^^^^^^^^^^^^^^
  File "C:\Users\shind\AppData\Local\Programs\Python\Python311\Lib\asyncio\base_events.py", line 654, in run_until_complete
    return future.result()
           ^^^^^^^^^^^^^^^
  File "D:\Company Project\taskflow-backend\.venv\Lib\site-packages\uvicorn\server.py", line 78, in serve
    await self.startup(sockets=sockets)
  File "D:\Company Project\taskflow-backend\.venv\Lib\site-packages\uvicorn\server.py", line 89, in startup
    await self.lifespan.startup()
  File "D:\Company Project\taskflow-backend\.venv\Lib\site-packages\uvicorn\lifespan\on.py", line 54, in startup
    await self.startup_event.wait()
  File "C:\Users\shind\AppData\Local\Programs\Python\Python311\Lib\asyncio\locks.py", line 213, in wait
    await fut
asyncio.exceptions.CancelledError

During handling of the above exception, another exception occurred:

Traceback (most recent call last):
  File "C:\Users\shind\AppData\Local\Programs\Python\Python311\Lib\multiprocessing\process.py", line 314, in _bootstrap
    self.run()
  File "C:\Users\shind\AppData\Local\Programs\Python\Python311\Lib\multiprocessing\process.py", line 108, in run
    self._target(*self._args, **self._kwargs)
  File "D:\Company Project\taskflow-backend\.venv\Lib\site-packages\uvicorn\_subprocess.py", line 76, in subprocess_started
    target(sockets=sockets)
  File "D:\Company Project\taskflow-backend\.venv\Lib\site-packages\uvicorn\server.py", line 61, in run
    return asyncio.run(self.serve(sockets=sockets))
           ^^^^^^^^^^^^^^^^^^^^^^^^^^^^^^^^^^^^^^^^
  File "C:\Users\shind\AppData\Local\Programs\Python\Python311\Lib\asyncio\runners.py", line 190, in run
    return runner.run(main)
           ^^^^^^^^^^^^^^^^
  File "C:\Users\shind\AppData\Local\Programs\Python\Python311\Lib\asyncio\runners.py", line 123, in run
    raise KeyboardInterrupt()
KeyboardInterrupt
INFO:     Started server process [10516]
INFO:     Waiting for application startup.
INFO:     Application startup complete.
INFO:     ('127.0.0.1', 65521) - "WebSocket /ws/locations" [accepted]
INFO:     connection open
INFO:     connection closed
INFO:     ('127.0.0.1', 54041) - "WebSocket /ws/locations" [accepted]
INFO:     connection open
INFO:     connection closed
INFO:     ('127.0.0.1', 55133) - "WebSocket /ws/locations" [accepted]
INFO:     connection open
INFO:     connection closed
INFO:     ('127.0.0.1', 61589) - "WebSocket /ws/locations" [accepted]
INFO:     connection open
INFO:     connection closed
INFO:     ('127.0.0.1', 62108) - "WebSocket /ws/locations" [accepted]
INFO:     connection open
INFO:     connection closed
INFO:     ('127.0.0.1', 65137) - "WebSocket /ws/locations" [accepted]
INFO:     connection open
INFO:     connection closed
INFO:     ('127.0.0.1', 58031) - "WebSocket /ws/locations" [accepted]
INFO:     connection open
INFO:     ('127.0.0.1', 56568) - "WebSocket /ws/locations" [accepted]
INFO:     connection open
INFO:     connection closed
INFO:     connection closed
INFO:     ('127.0.0.1', 57613) - "WebSocket /ws/locations" [accepted]
INFO:     connection open
INFO:     ('127.0.0.1', 61494) - "WebSocket /ws/locations" [accepted]
INFO:     connection open
INFO:     ('127.0.0.1', 57103) - "WebSocket /ws/locations" [accepted]
INFO:     connection open
WARNING:  WatchFiles detected changes in 'config.py'. Reloading...
INFO:     Shutting down
INFO:     connection closed
INFO:     connection closed
INFO:     connection closed
INFO:     Waiting for application shutdown.
INFO:     Application shutdown complete.
INFO:     Finished server process [10516]
INFO:     Started server process [24004]
INFO:     Waiting for application startup.
INFO:     Application startup complete.
WARNING:  WatchFiles detected changes in 'auth_utils.py'. Reloading...
INFO:     Shutting down
INFO:     Waiting for connections to close. (CTRL+C to force quit)
INFO:     Waiting for application shutdown.
INFO:     Application shutdown complete.
INFO:     Finished server process [24004]
INFO:     Started server process [25348]
INFO:     Waiting for application startup.
INFO:     Application startup complete.
INFO:     ('127.0.0.1', 64017) - "WebSocket /ws/locations" [accepted]
INFO:     connection open
INFO:     ('127.0.0.1', 58644) - "WebSocket /ws/locations" [accepted]
INFO:     connection open
WARNING:  WatchFiles detected changes in 'main.py'. Reloading...
INFO:     ('127.0.0.1', 61831) - "WebSocket /ws/locations" [accepted]
INFO:     connection open
INFO:     ('127.0.0.1', 55299) - "WebSocket /ws/locations" [accepted]
INFO:     connection open
INFO:     Shutting down
INFO:     connection closed
INFO:     connection closed
INFO:     connection closed
INFO:     connection closed
INFO:     Waiting for application shutdown.
INFO:     Application shutdown complete.
INFO:     Finished server process [25348]
WARNING:  WatchFiles detected changes in 'main.py'. Reloading...
INFO:     Started server process [9504]
INFO:     Waiting for application startup.
ERROR:    Traceback (most recent call last):
  File "C:\Users\shind\AppData\Local\Programs\Python\Python311\Lib\asyncio\runners.py", line 118, in run
    return self._loop.run_until_complete(task)
           ^^^^^^^^^^^^^^^^^^^^^^^^^^^^^^^^^^^
  File "C:\Users\shind\AppData\Local\Programs\Python\Python311\Lib\asyncio\base_events.py", line 654, in run_until_complete
    return future.result()
           ^^^^^^^^^^^^^^^
  File "D:\Company Project\taskflow-backend\.venv\Lib\site-packages\uvicorn\server.py", line 78, in serve
    await self.startup(sockets=sockets)
  File "D:\Company Project\taskflow-backend\.venv\Lib\site-packages\uvicorn\server.py", line 89, in startup
    await self.lifespan.startup()
  File "D:\Company Project\taskflow-backend\.venv\Lib\site-packages\uvicorn\lifespan\on.py", line 54, in startup
    await self.startup_event.wait()
  File "C:\Users\shind\AppData\Local\Programs\Python\Python311\Lib\asyncio\locks.py", line 213, in wait
    await fut
asyncio.exceptions.CancelledError

During handling of the above exception, another exception occurred:

Traceback (most recent call last):
  File "C:\Users\shind\AppData\Local\Programs\Python\Python311\Lib\asyncio\runners.py", line 190, in run
    return runner.run(main)
           ^^^^^^^^^^^^^^^^
  File "C:\Users\shind\AppData\Local\Programs\Python\Python311\Lib\asyncio\runners.py", line 123, in run
    raise KeyboardInterrupt()
KeyboardInterrupt

During handling of the above exception, another exception occurred:

Traceback (most recent call last):
  File "D:\Company Project\taskflow-backend\.venv\Lib\site-packages\starlette\routing.py", line 686, in lifespan
    await receive()
  File "D:\Company Project\taskflow-backend\.venv\Lib\site-packages\uvicorn\lifespan\on.py", line 137, in receive
    return await self.receive_queue.get()
           ^^^^^^^^^^^^^^^^^^^^^^^^^^^^^^
  File "C:\Users\shind\AppData\Local\Programs\Python\Python311\Lib\asyncio\queues.py", line 158, in get
    await getter
asyncio.exceptions.CancelledError

Process SpawnProcess-24:
Traceback (most recent call last):
  File "C:\Users\shind\AppData\Local\Programs\Python\Python311\Lib\asyncio\runners.py", line 118, in run
    return self._loop.run_until_complete(task)
           ^^^^^^^^^^^^^^^^^^^^^^^^^^^^^^^^^^^
  File "C:\Users\shind\AppData\Local\Programs\Python\Python311\Lib\asyncio\base_events.py", line 654, in run_until_complete
    return future.result()
           ^^^^^^^^^^^^^^^
  File "D:\Company Project\taskflow-backend\.venv\Lib\site-packages\uvicorn\server.py", line 78, in serve
    await self.startup(sockets=sockets)
  File "D:\Company Project\taskflow-backend\.venv\Lib\site-packages\uvicorn\server.py", line 89, in startup
    await self.lifespan.startup()
  File "D:\Company Project\taskflow-backend\.venv\Lib\site-packages\uvicorn\lifespan\on.py", line 54, in startup
    await self.startup_event.wait()
  File "C:\Users\shind\AppData\Local\Programs\Python\Python311\Lib\asyncio\locks.py", line 213, in wait
    await fut
asyncio.exceptions.CancelledError

During handling of the above exception, another exception occurred:

Traceback (most recent call last):
  File "C:\Users\shind\AppData\Local\Programs\Python\Python311\Lib\multiprocessing\process.py", line 314, in _bootstrap
    self.run()
  File "C:\Users\shind\AppData\Local\Programs\Python\Python311\Lib\multiprocessing\process.py", line 108, in run
    self._target(*self._args, **self._kwargs)
  File "D:\Company Project\taskflow-backend\.venv\Lib\site-packages\uvicorn\_subprocess.py", line 76, in subprocess_started
    target(sockets=sockets)
  File "D:\Company Project\taskflow-backend\.venv\Lib\site-packages\uvicorn\server.py", line 61, in run
    return asyncio.run(self.serve(sockets=sockets))
           ^^^^^^^^^^^^^^^^^^^^^^^^^^^^^^^^^^^^^^^^
  File "C:\Users\shind\AppData\Local\Programs\Python\Python311\Lib\asyncio\runners.py", line 190, in run
    return runner.run(main)
           ^^^^^^^^^^^^^^^^
  File "C:\Users\shind\AppData\Local\Programs\Python\Python311\Lib\asyncio\runners.py", line 123, in run
    raise KeyboardInterrupt()
KeyboardInterrupt
INFO:     Started server process [3820]
INFO:     Waiting for application startup.
INFO:     Application startup complete.
INFO:     ('127.0.0.1', 63792) - "WebSocket /ws/locations" [accepted]
INFO:     connection open
INFO:     ('127.0.0.1', 60014) - "WebSocket /ws/locations" [accepted]
INFO:     connection open
INFO:     ('127.0.0.1', 57407) - "WebSocket /ws/locations" [accepted]
INFO:     connection open
INFO:     ('127.0.0.1', 53270) - "WebSocket /ws/locations" [accepted]
INFO:     connection open
INFO:     ('127.0.0.1', 58359) - "WebSocket /ws/locations" [accepted]
INFO:     connection open
INFO:     ('127.0.0.1', 63021) - "WebSocket /ws/locations" [accepted]
INFO:     connection open
INFO:     ('127.0.0.1', 63940) - "WebSocket /ws/locations" [accepted]
INFO:     connection open
INFO:     ('127.0.0.1', 54663) - "WebSocket /ws/locations" [accepted]
INFO:     connection open
INFO:     ('127.0.0.1', 64372) - "WebSocket /ws/locations" [accepted]
INFO:     connection open
INFO:     connection closed
INFO:     ('127.0.0.1', 63795) - "WebSocket /ws/locations" [accepted]
INFO:     connection open
INFO:     connection closed
INFO:     ('127.0.0.1', 62620) - "WebSocket /ws/locations" [accepted]
INFO:     connection open
WARNING:  WatchFiles detected changes in 'main.py'. Reloading...
INFO:     ('127.0.0.1', 55814) - "WebSocket /ws/locations" [accepted]
INFO:     connection open
INFO:     Shutting down
INFO:     connection closed
INFO:     connection closed
INFO:     connection closed
INFO:     connection closed
INFO:     connection closed
INFO:     connection closed
INFO:     connection closed
INFO:     connection closed
INFO:     connection closed
INFO:     connection closed
INFO:     Waiting for application shutdown.
INFO:     Application shutdown complete.
INFO:     Finished server process [3820]
INFO:     Started server process [16952]
INFO:     Waiting for application startup.
INFO:     Application startup complete.
INFO:     ('127.0.0.1', 49868) - "WebSocket /ws/locations" [accepted]
INFO:     connection open
WARNING:  WatchFiles detected changes in 'platform_routes.py'. Reloading...
INFO:     Shutting down
INFO:     connection closed
INFO:     Waiting for application shutdown.
INFO:     Application shutdown complete.
INFO:     Finished server process [16952]
INFO:     Started server process [22100]
INFO:     Waiting for application startup.
INFO:     Application startup complete.
WARNING:  WatchFiles detected changes in 'main.py'. Reloading...
INFO:     Shutting down
INFO:     Waiting for application shutdown.
INFO:     Application shutdown complete.
INFO:     Finished server process [22100]
INFO:     Started server process [25244]
INFO:     Waiting for application startup.
INFO:     Application startup complete.
INFO:     ('127.0.0.1', 64999) - "WebSocket /ws/locations" [accepted]
INFO:     connection open
INFO:     connection closed
INFO:     ('127.0.0.1', 53153) - "WebSocket /ws/locations" [accepted]
INFO:     connection open
INFO:     ('127.0.0.1', 56964) - "WebSocket /ws/locations" [accepted]
INFO:     connection open
INFO:     ('127.0.0.1', 57945) - "WebSocket /ws/locations" [accepted]
INFO:     connection open
INFO:     ('127.0.0.1', 55180) - "WebSocket /ws/locations" [accepted]
INFO:     connection open
INFO:     connection closed
INFO:     ('127.0.0.1', 58433) - "WebSocket /ws/locations" [accepted]
INFO:     connection open
INFO:     connection closed
INFO:     connection closed
INFO:     connection closed
INFO:     connection closed
INFO:     ('127.0.0.1', 52277) - "WebSocket /ws/locations" [accepted]
INFO:     connection open
INFO:     ('127.0.0.1', 49839) - "WebSocket /ws/locations" [accepted]
INFO:     connection open
INFO:     ('127.0.0.1', 59430) - "WebSocket /ws/locations" [accepted]
INFO:     connection open
INFO:     connection closed
INFO:     ('127.0.0.1', 53715) - "WebSocket /ws/locations" [accepted]
INFO:     connection open
INFO:     connection closed
INFO:     connection closed
INFO:     ('127.0.0.1', 63204) - "WebSocket /ws/locations" [accepted]
INFO:     connection open
D:\Company Project\taskflow-backend\auth_utils.py:64: SAWarning: DELETE statement on table 'active_sessions' expected to delete 1 row(s); 0 were matched.  Please set confirm_deleted_rows=False within the mapper configuration to prevent this warning.
  db.commit()
WARNING:  WatchFiles detected changes in 'models.py'. Reloading...
INFO:     connection closed
INFO:     ('127.0.0.1', 52973) - "WebSocket /ws/locations" [accepted]
INFO:     connection open
INFO:     Shutting down
INFO:     connection closed
INFO:     connection closed
INFO:     Waiting for application shutdown.
INFO:     Application shutdown complete.
INFO:     Finished server process [25244]
WARNING:  WatchFiles detected changes in 'main.py', 'platform_routes.py', 'schemas.py'. Reloading...
INFO:     Started server process [25432]
INFO:     Waiting for application startup.
ERROR:    Traceback (most recent call last):
  File "C:\Users\shind\AppData\Local\Programs\Python\Python311\Lib\asyncio\runners.py", line 118, in run
    return self._loop.run_until_complete(task)
           ^^^^^^^^^^^^^^^^^^^^^^^^^^^^^^^^^^^
  File "C:\Users\shind\AppData\Local\Programs\Python\Python311\Lib\asyncio\base_events.py", line 654, in run_until_complete
    return future.result()
           ^^^^^^^^^^^^^^^
  File "D:\Company Project\taskflow-backend\.venv\Lib\site-packages\uvicorn\server.py", line 78, in serve
    await self.startup(sockets=sockets)
  File "D:\Company Project\taskflow-backend\.venv\Lib\site-packages\uvicorn\server.py", line 89, in startup
    await self.lifespan.startup()
  File "D:\Company Project\taskflow-backend\.venv\Lib\site-packages\uvicorn\lifespan\on.py", line 54, in startup
    await self.startup_event.wait()
  File "C:\Users\shind\AppData\Local\Programs\Python\Python311\Lib\asyncio\locks.py", line 213, in wait
    await fut
asyncio.exceptions.CancelledError

During handling of the above exception, another exception occurred:

Traceback (most recent call last):
  File "C:\Users\shind\AppData\Local\Programs\Python\Python311\Lib\asyncio\runners.py", line 190, in run
    return runner.run(main)
           ^^^^^^^^^^^^^^^^
  File "C:\Users\shind\AppData\Local\Programs\Python\Python311\Lib\asyncio\runners.py", line 123, in run
    raise KeyboardInterrupt()
KeyboardInterrupt

During handling of the above exception, another exception occurred:

Traceback (most recent call last):
  File "D:\Company Project\taskflow-backend\.venv\Lib\site-packages\starlette\routing.py", line 686, in lifespan
    await receive()
  File "D:\Company Project\taskflow-backend\.venv\Lib\site-packages\uvicorn\lifespan\on.py", line 137, in receive
    return await self.receive_queue.get()
           ^^^^^^^^^^^^^^^^^^^^^^^^^^^^^^
  File "C:\Users\shind\AppData\Local\Programs\Python\Python311\Lib\asyncio\queues.py", line 158, in get
    await getter
asyncio.exceptions.CancelledError

Process SpawnProcess-29:
Traceback (most recent call last):
  File "C:\Users\shind\AppData\Local\Programs\Python\Python311\Lib\asyncio\runners.py", line 118, in run
    return self._loop.run_until_complete(task)
           ^^^^^^^^^^^^^^^^^^^^^^^^^^^^^^^^^^^
  File "C:\Users\shind\AppData\Local\Programs\Python\Python311\Lib\asyncio\base_events.py", line 654, in run_until_complete
    return future.result()
           ^^^^^^^^^^^^^^^
  File "D:\Company Project\taskflow-backend\.venv\Lib\site-packages\uvicorn\server.py", line 78, in serve
    await self.startup(sockets=sockets)
  File "D:\Company Project\taskflow-backend\.venv\Lib\site-packages\uvicorn\server.py", line 89, in startup
    await self.lifespan.startup()
  File "D:\Company Project\taskflow-backend\.venv\Lib\site-packages\uvicorn\lifespan\on.py", line 54, in startup
    await self.startup_event.wait()
  File "C:\Users\shind\AppData\Local\Programs\Python\Python311\Lib\asyncio\locks.py", line 213, in wait
    await fut
asyncio.exceptions.CancelledError

During handling of the above exception, another exception occurred:

Traceback (most recent call last):
  File "C:\Users\shind\AppData\Local\Programs\Python\Python311\Lib\multiprocessing\process.py", line 314, in _bootstrap
    self.run()
  File "C:\Users\shind\AppData\Local\Programs\Python\Python311\Lib\multiprocessing\process.py", line 108, in run
    self._target(*self._args, **self._kwargs)
  File "D:\Company Project\taskflow-backend\.venv\Lib\site-packages\uvicorn\_subprocess.py", line 76, in subprocess_started
    target(sockets=sockets)
  File "D:\Company Project\taskflow-backend\.venv\Lib\site-packages\uvicorn\server.py", line 61, in run
    return asyncio.run(self.serve(sockets=sockets))
           ^^^^^^^^^^^^^^^^^^^^^^^^^^^^^^^^^^^^^^^^
  File "C:\Users\shind\AppData\Local\Programs\Python\Python311\Lib\asyncio\runners.py", line 190, in run
    return runner.run(main)
           ^^^^^^^^^^^^^^^^
  File "C:\Users\shind\AppData\Local\Programs\Python\Python311\Lib\asyncio\runners.py", line 123, in run
    raise KeyboardInterrupt()
KeyboardInterrupt
INFO:     Started server process [14300]
INFO:     Waiting for application startup.
INFO:     Application startup complete.
INFO:     ('127.0.0.1', 60203) - "WebSocket /ws/locations" [accepted]
INFO:     connection open
INFO:     ('127.0.0.1', 60918) - "WebSocket /ws/locations" [accepted]
INFO:     connection open
INFO:     ('127.0.0.1', 64949) - "WebSocket /ws/locations" [accepted]
INFO:     connection open
INFO:     ('127.0.0.1', 53745) - "WebSocket /ws/locations" [accepted]
INFO:     connection open
INFO:     ('127.0.0.1', 49706) - "WebSocket /ws/locations" [accepted]
INFO:     connection open
INFO:     connection closed
INFO:     ('127.0.0.1', 56670) - "WebSocket /ws/locations" [accepted]
INFO:     connection open
INFO:     connection closed
INFO:     ('127.0.0.1', 54113) - "WebSocket /ws/locations" [accepted]
INFO:     connection open
INFO:     ('127.0.0.1', 60242) - "WebSocket /ws/locations" [accepted]
INFO:     connection open
INFO:     ('127.0.0.1', 52146) - "WebSocket /ws/locations" [accepted]
INFO:     connection open
WARNING:  WatchFiles detected changes in 'platform_routes.py'. Reloading...
INFO:     Shutting down
INFO:     connection closed
INFO:     connection closed
INFO:     connection closed
INFO:     connection closed
INFO:     connection closed
INFO:     connection closed
INFO:     connection closed
INFO:     Waiting for application shutdown.
INFO:     Application shutdown complete.
INFO:     Finished server process [14300]
INFO:     Started server process [6744]
INFO:     Waiting for application startup.
INFO:     Application startup complete.
INFO:     ('127.0.0.1', 56216) - "WebSocket /ws/locations" [accepted]
INFO:     connection open
INFO:     ('127.0.0.1', 51073) - "WebSocket /ws/locations" [accepted]
INFO:     connection open
INFO:     ('127.0.0.1', 62629) - "WebSocket /ws/locations" [accepted]
INFO:     connection open
INFO:     ('127.0.0.1', 62856) - "WebSocket /ws/locations" [accepted]
INFO:     connection open
INFO:     ('127.0.0.1', 61242) - "WebSocket /ws/locations" [accepted]
INFO:     connection open
INFO:     connection closed
INFO:     ('127.0.0.1', 55370) - "WebSocket /ws/locations" [accepted]
INFO:     connection open
INFO:     ('127.0.0.1', 53586) - "WebSocket /ws/locations" [accepted]
INFO:     connection open
INFO:     ('127.0.0.1', 59907) - "WebSocket /ws/locations" [accepted]
INFO:     connection open
INFO:     connection closed
INFO:     ('127.0.0.1', 51474) - "WebSocket /ws/locations" [accepted]
INFO:     connection open
INFO:     connection closed
INFO:     ('127.0.0.1', 54597) - "WebSocket /ws/locations" [accepted]
INFO:     connection open
INFO:     ('127.0.0.1', 56818) - "WebSocket /ws/locations" [accepted]
INFO:     connection open
INFO:     ('127.0.0.1', 61379) - "WebSocket /ws/locations" [accepted]
INFO:     connection open
INFO:     ('127.0.0.1', 58747) - "WebSocket /ws/locations" [accepted]
INFO:     connection open
INFO:     connection closed
INFO:     ('127.0.0.1', 51487) - "WebSocket /ws/locations" [accepted]
INFO:     connection open
INFO:     ('127.0.0.1', 51113) - "WebSocket /ws/locations" [accepted]
INFO:     connection open
INFO:     connection closed
INFO:     connection closed
INFO:     ('127.0.0.1', 59905) - "WebSocket /ws/locations" [accepted]
INFO:     connection open
INFO:     ('127.0.0.1', 63608) - "WebSocket /ws/locations" [accepted]
INFO:     connection open
INFO:     connection closed
INFO:     connection closed
INFO:     connection closed
INFO:     connection closed
INFO:     connection closed
INFO:     connection closed
INFO:     connection closed
INFO:     connection closed
INFO:     connection closed
INFO:     connection closed
INFO:     ('127.0.0.1', 58965) - "WebSocket /ws/locations" [accepted]
INFO:     connection open
INFO:     ('127.0.0.1', 60581) - "WebSocket /ws/locations" [accepted]
INFO:     connection open
INFO:     ('127.0.0.1', 51090) - "WebSocket /ws/locations" [accepted]
INFO:     connection closed
INFO:     ('127.0.0.1', 62421) - "WebSocket /ws/locations" [accepted]
INFO:     connection open
INFO:     connection closed
INFO:     connection closed
INFO:     ('127.0.0.1', 53884) - "WebSocket /ws/locations" [accepted]
INFO:     connection open
INFO:     ('127.0.0.1', 55639) - "WebSocket /ws/locations" [accepted]
INFO:     connection open
INFO:     connection closed
INFO:     ('127.0.0.1', 52137) - "WebSocket /ws/locations" [accepted]
INFO:     connection open
INFO:     ('127.0.0.1', 50173) - "WebSocket /ws/locations" [accepted]
INFO:     connection open
INFO:     connection closed
INFO:     ('127.0.0.1', 58299) - "WebSocket /ws/locations" [accepted]
INFO:     connection open
INFO:     connection closed
INFO:     ('127.0.0.1', 60495) - "WebSocket /ws/locations" [accepted]
INFO:     connection open
INFO:     ('127.0.0.1', 60975) - "WebSocket /ws/locations" [accepted]
INFO:     connection open
INFO:     connection closed
INFO:     ('127.0.0.1', 59012) - "WebSocket /ws/locations" [accepted]
INFO:     connection open
INFO:     connection closed
INFO:     ('127.0.0.1', 63192) - "WebSocket /ws/locations" [accepted]
INFO:     connection open
INFO:     ('127.0.0.1', 55723) - "WebSocket /ws/locations" [accepted]
INFO:     connection open
WARNING:  WatchFiles detected changes in 'models.py'. Reloading...
INFO:     ('127.0.0.1', 49670) - "WebSocket /ws/locations" [accepted]
INFO:     connection open
INFO:     Shutting down
INFO:     connection closed
INFO:     connection closed
INFO:     connection closed
INFO:     connection closed
INFO:     connection closed
INFO:     connection closed
INFO:     connection closed
INFO:     connection closed
INFO:     Waiting for application shutdown.
INFO:     Application shutdown complete.
INFO:     Finished server process [6744]
WARNING:  WatchFiles detected changes in 'main.py', 'platform_routes.py', 'attendance_checkout.py', 'schemas.py'. Reloading...
Process SpawnProcess-32:
Traceback (most recent call last):
  File "C:\Users\shind\AppData\Local\Programs\Python\Python311\Lib\multiprocessing\process.py", line 314, in _bootstrap
    self.run()
  File "C:\Users\shind\AppData\Local\Programs\Python\Python311\Lib\multiprocessing\process.py", line 108, in run
    self._target(*self._args, **self._kwargs)
  File "D:\Company Project\taskflow-backend\.venv\Lib\site-packages\uvicorn\_subprocess.py", line 76, in subprocess_started
    target(sockets=sockets)
  File "D:\Company Project\taskflow-backend\.venv\Lib\site-packages\uvicorn\server.py", line 61, in run
    return asyncio.run(self.serve(sockets=sockets))
           ^^^^^^^^^^^^^^^^^^^^^^^^^^^^^^^^^^^^^^^^
  File "C:\Users\shind\AppData\Local\Programs\Python\Python311\Lib\asyncio\runners.py", line 190, in run
    return runner.run(main)
           ^^^^^^^^^^^^^^^^
  File "C:\Users\shind\AppData\Local\Programs\Python\Python311\Lib\asyncio\runners.py", line 118, in run
    return self._loop.run_until_complete(task)
           ^^^^^^^^^^^^^^^^^^^^^^^^^^^^^^^^^^^
  File "C:\Users\shind\AppData\Local\Programs\Python\Python311\Lib\asyncio\base_events.py", line 654, in run_until_complete
    return future.result()
           ^^^^^^^^^^^^^^^
  File "D:\Company Project\taskflow-backend\.venv\Lib\site-packages\uvicorn\server.py", line 68, in serve
    config.load()
  File "D:\Company Project\taskflow-backend\.venv\Lib\site-packages\uvicorn\config.py", line 467, in load
    self.loaded_app = import_from_string(self.app)
                      ^^^^^^^^^^^^^^^^^^^^^^^^^^^^
  File "D:\Company Project\taskflow-backend\.venv\Lib\site-packages\uvicorn\importer.py", line 21, in import_from_string
    module = importlib.import_module(module_str)
             ^^^^^^^^^^^^^^^^^^^^^^^^^^^^^^^^^^^
  File "C:\Users\shind\AppData\Local\Programs\Python\Python311\Lib\importlib\__init__.py", line 126, in import_module
    return _bootstrap._gcd_import(name[level:], package, level)
           ^^^^^^^^^^^^^^^^^^^^^^^^^^^^^^^^^^^^^^^^^^^^^^^^^^^^
  File "<frozen importlib._bootstrap>", line 1204, in _gcd_import
  File "<frozen importlib._bootstrap>", line 1176, in _find_and_load
  File "<frozen importlib._bootstrap>", line 1147, in _find_and_load_unlocked
  File "<frozen importlib._bootstrap>", line 690, in _load_unlocked
  File "<frozen importlib._bootstrap_external>", line 936, in exec_module
  File "<frozen importlib._bootstrap_external>", line 1074, in get_code
  File "<frozen importlib._bootstrap_external>", line 1004, in source_to_code
  File "<frozen importlib._bootstrap>", line 241, in _call_with_frames_removed
  File "D:\Company Project\taskflow-backend\main.py", line 1225
    elif not geofence["inside"] and open_att:
    ^^^^
SyntaxError: invalid syntax
Process SpawnProcess-33:
Traceback (most recent call last):
  File "C:\Users\shind\AppData\Local\Programs\Python\Python311\Lib\multiprocessing\process.py", line 314, in _bootstrap
    self.run()
  File "C:\Users\shind\AppData\Local\Programs\Python\Python311\Lib\multiprocessing\process.py", line 108, in run
    self._target(*self._args, **self._kwargs)
  File "D:\Company Project\taskflow-backend\.venv\Lib\site-packages\uvicorn\_subprocess.py", line 76, in subprocess_started
    target(sockets=sockets)
  File "D:\Company Project\taskflow-backend\.venv\Lib\site-packages\uvicorn\server.py", line 61, in run
    return asyncio.run(self.serve(sockets=sockets))
           ^^^^^^^^^^^^^^^^^^^^^^^^^^^^^^^^^^^^^^^^
  File "C:\Users\shind\AppData\Local\Programs\Python\Python311\Lib\asyncio\runners.py", line 190, in run
    return runner.run(main)
           ^^^^^^^^^^^^^^^^
  File "C:\Users\shind\AppData\Local\Programs\Python\Python311\Lib\asyncio\runners.py", line 118, in run
    return self._loop.run_until_complete(task)
           ^^^^^^^^^^^^^^^^^^^^^^^^^^^^^^^^^^^
  File "C:\Users\shind\AppData\Local\Programs\Python\Python311\Lib\asyncio\base_events.py", line 654, in run_until_complete
    return future.result()
           ^^^^^^^^^^^^^^^
  File "D:\Company Project\taskflow-backend\.venv\Lib\site-packages\uvicorn\server.py", line 68, in serve
    config.load()
  File "D:\Company Project\taskflow-backend\.venv\Lib\site-packages\uvicorn\config.py", line 467, in load
    self.loaded_app = import_from_string(self.app)
                      ^^^^^^^^^^^^^^^^^^^^^^^^^^^^
  File "D:\Company Project\taskflow-backend\.venv\Lib\site-packages\uvicorn\importer.py", line 21, in import_from_string
    module = importlib.import_module(module_str)
             ^^^^^^^^^^^^^^^^^^^^^^^^^^^^^^^^^^^
  File "C:\Users\shind\AppData\Local\Programs\Python\Python311\Lib\importlib\__init__.py", line 126, in import_module
    return _bootstrap._gcd_import(name[level:], package, level)
           ^^^^^^^^^^^^^^^^^^^^^^^^^^^^^^^^^^^^^^^^^^^^^^^^^^^^
  File "<frozen importlib._bootstrap>", line 1204, in _gcd_import
  File "<frozen importlib._bootstrap>", line 1176, in _find_and_load
  File "<frozen importlib._bootstrap>", line 1147, in _find_and_load_unlocked
  File "<frozen importlib._bootstrap>", line 690, in _load_unlocked
  File "<frozen importlib._bootstrap_external>", line 936, in exec_module
  File "<frozen importlib._bootstrap_external>", line 1074, in get_code
  File "<frozen importlib._bootstrap_external>", line 1004, in source_to_code
  File "<frozen importlib._bootstrap>", line 241, in _call_with_frames_removed
  File "D:\Company Project\taskflow-backend\main.py", line 1225
    elif not geofence["inside"] and open_att:
    ^^^^
SyntaxError: invalid syntax
WARNING:  WatchFiles detected changes in 'main.py'. Reloading...
INFO:     Started server process [17296]
INFO:     Waiting for application startup.
INFO:     Application startup complete.
INFO:     ('127.0.0.1', 49855) - "WebSocket /ws/locations" [accepted]
INFO:     connection open
INFO:     ('127.0.0.1', 65160) - "WebSocket /ws/locations" [accepted]
INFO:     connection open
INFO:     ('127.0.0.1', 53894) - "WebSocket /ws/locations" [accepted]
INFO:     connection open
INFO:     ('127.0.0.1', 62110) - "WebSocket /ws/locations" [accepted]
INFO:     connection open
WARNING:  WatchFiles detected changes in 'config.py'. Reloading...
INFO:     Shutting down
INFO:     connection closed
INFO:     connection closed
INFO:     connection closed
INFO:     connection closed
INFO:     Waiting for application shutdown.
INFO:     Application shutdown complete.
INFO:     Finished server process [17296]
WARNING:  WatchFiles detected changes in 'main.py', 'models.py', 'auth_utils.py'. Reloading...
INFO:     Started server process [12820]
INFO:     Waiting for application startup.
ERROR:    Traceback (most recent call last):
  File "C:\Users\shind\AppData\Local\Programs\Python\Python311\Lib\asyncio\runners.py", line 118, in run
    return self._loop.run_until_complete(task)
           ^^^^^^^^^^^^^^^^^^^^^^^^^^^^^^^^^^^
  File "C:\Users\shind\AppData\Local\Programs\Python\Python311\Lib\asyncio\base_events.py", line 654, in run_until_complete
    return future.result()
           ^^^^^^^^^^^^^^^
  File "D:\Company Project\taskflow-backend\.venv\Lib\site-packages\uvicorn\server.py", line 78, in serve
    await self.startup(sockets=sockets)
  File "D:\Company Project\taskflow-backend\.venv\Lib\site-packages\uvicorn\server.py", line 89, in startup
    await self.lifespan.startup()
  File "D:\Company Project\taskflow-backend\.venv\Lib\site-packages\uvicorn\lifespan\on.py", line 54, in startup
    await self.startup_event.wait()
  File "C:\Users\shind\AppData\Local\Programs\Python\Python311\Lib\asyncio\locks.py", line 213, in wait
    await fut
asyncio.exceptions.CancelledError

During handling of the above exception, another exception occurred:

Traceback (most recent call last):
  File "C:\Users\shind\AppData\Local\Programs\Python\Python311\Lib\asyncio\runners.py", line 190, in run
    return runner.run(main)
           ^^^^^^^^^^^^^^^^
  File "C:\Users\shind\AppData\Local\Programs\Python\Python311\Lib\asyncio\runners.py", line 123, in run
    raise KeyboardInterrupt()
KeyboardInterrupt

During handling of the above exception, another exception occurred:

Traceback (most recent call last):
  File "D:\Company Project\taskflow-backend\.venv\Lib\site-packages\starlette\routing.py", line 686, in lifespan
    await receive()
  File "D:\Company Project\taskflow-backend\.venv\Lib\site-packages\uvicorn\lifespan\on.py", line 137, in receive
    return await self.receive_queue.get()
           ^^^^^^^^^^^^^^^^^^^^^^^^^^^^^^
  File "C:\Users\shind\AppData\Local\Programs\Python\Python311\Lib\asyncio\queues.py", line 158, in get
    await getter
asyncio.exceptions.CancelledError

Process SpawnProcess-35:
Traceback (most recent call last):
  File "C:\Users\shind\AppData\Local\Programs\Python\Python311\Lib\asyncio\runners.py", line 118, in run
    return self._loop.run_until_complete(task)
           ^^^^^^^^^^^^^^^^^^^^^^^^^^^^^^^^^^^
  File "C:\Users\shind\AppData\Local\Programs\Python\Python311\Lib\asyncio\base_events.py", line 654, in run_until_complete
    return future.result()
           ^^^^^^^^^^^^^^^
  File "D:\Company Project\taskflow-backend\.venv\Lib\site-packages\uvicorn\server.py", line 78, in serve
    await self.startup(sockets=sockets)
  File "D:\Company Project\taskflow-backend\.venv\Lib\site-packages\uvicorn\server.py", line 89, in startup
    await self.lifespan.startup()
  File "D:\Company Project\taskflow-backend\.venv\Lib\site-packages\uvicorn\lifespan\on.py", line 54, in startup
    await self.startup_event.wait()
  File "C:\Users\shind\AppData\Local\Programs\Python\Python311\Lib\asyncio\locks.py", line 213, in wait
    await fut
asyncio.exceptions.CancelledError

During handling of the above exception, another exception occurred:

Traceback (most recent call last):
  File "C:\Users\shind\AppData\Local\Programs\Python\Python311\Lib\multiprocessing\process.py", line 314, in _bootstrap
    self.run()
  File "C:\Users\shind\AppData\Local\Programs\Python\Python311\Lib\multiprocessing\process.py", line 108, in run
    self._target(*self._args, **self._kwargs)
  File "D:\Company Project\taskflow-backend\.venv\Lib\site-packages\uvicorn\_subprocess.py", line 76, in subprocess_started
    target(sockets=sockets)
  File "D:\Company Project\taskflow-backend\.venv\Lib\site-packages\uvicorn\server.py", line 61, in run
    return asyncio.run(self.serve(sockets=sockets))
           ^^^^^^^^^^^^^^^^^^^^^^^^^^^^^^^^^^^^^^^^
  File "C:\Users\shind\AppData\Local\Programs\Python\Python311\Lib\asyncio\runners.py", line 190, in run
    return runner.run(main)
           ^^^^^^^^^^^^^^^^
  File "C:\Users\shind\AppData\Local\Programs\Python\Python311\Lib\asyncio\runners.py", line 123, in run
    raise KeyboardInterrupt()
KeyboardInterrupt
INFO:     Started server process [10060]
INFO:     Waiting for application startup.
INFO:     Application startup complete.
INFO:     ('127.0.0.1', 55789) - "WebSocket /ws/locations" [accepted]
INFO:     connection open
INFO:     ('127.0.0.1', 56137) - "WebSocket /ws/locations" [accepted]
INFO:     connection open
INFO:     ('127.0.0.1', 56197) - "WebSocket /ws/locations" [accepted]
INFO:     connection open
INFO:     ('127.0.0.1', 62430) - "WebSocket /ws/locations" [accepted]
INFO:     connection open
INFO:     ('127.0.0.1', 64030) - "WebSocket /ws/locations" [accepted]
INFO:     connection open
INFO:     ('127.0.0.1', 65390) - "WebSocket /ws/locations" [accepted]
INFO:     connection open
INFO:     ('127.0.0.1', 55803) - "WebSocket /ws/locations" [accepted]
INFO:     connection open
INFO:     ('127.0.0.1', 54486) - "WebSocket /ws/locations" [accepted]
INFO:     connection open
INFO:     ('127.0.0.1', 64673) - "WebSocket /ws/locations" [accepted]
INFO:     connection open
INFO:     ('127.0.0.1', 61384) - "WebSocket /ws/locations" [accepted]
INFO:     connection open
INFO:     ('127.0.0.1', 58804) - "WebSocket /ws/locations" [accepted]
INFO:     connection open
INFO:     ('127.0.0.1', 53401) - "WebSocket /ws/locations" [accepted]
INFO:     connection open
INFO:     ('127.0.0.1', 64338) - "WebSocket /ws/locations" [accepted]
INFO:     connection open
INFO:     ('127.0.0.1', 57338) - "WebSocket /ws/locations" [accepted]
INFO:     connection open
INFO:     ('127.0.0.1', 53714) - "WebSocket /ws/locations" [accepted]
INFO:     connection open
INFO:     ('127.0.0.1', 55191) - "WebSocket /ws/locations" [accepted]
INFO:     connection open
INFO:     ('127.0.0.1', 62873) - "WebSocket /ws/locations" [accepted]
INFO:     connection open
INFO:     ('127.0.0.1', 63074) - "WebSocket /ws/locations" [accepted]
INFO:     connection open
INFO:     ('127.0.0.1', 49672) - "WebSocket /ws/locations" [accepted]
INFO:     connection open
INFO:     ('127.0.0.1', 53226) - "WebSocket /ws/locations" [accepted]
INFO:     connection open
INFO:     ('127.0.0.1', 61117) - "WebSocket /ws/locations" [accepted]
INFO:     connection open
INFO:     ('127.0.0.1', 49201) - "WebSocket /ws/locations" [accepted]
INFO:     connection open
INFO:     ('127.0.0.1', 53168) - "WebSocket /ws/locations" [accepted]
INFO:     connection open
INFO:     ('127.0.0.1', 57032) - "WebSocket /ws/locations" [accepted]
INFO:     connection open
INFO:     ('127.0.0.1', 53081) - "WebSocket /ws/locations" [accepted]
INFO:     connection open
INFO:     ('127.0.0.1', 60685) - "WebSocket /ws/locations" [accepted]
INFO:     connection open
INFO:     ('127.0.0.1', 57743) - "WebSocket /ws/locations" [accepted]
INFO:     connection open
INFO:     ('127.0.0.1', 53312) - "WebSocket /ws/locations" [accepted]
INFO:     connection open
ERROR:    Exception in ASGI application
Traceback (most recent call last):
  File "D:\Company Project\taskflow-backend\.venv\Lib\site-packages\uvicorn\protocols\http\httptools_impl.py", line 426, in run_asgi
    result = await app(  # type: ignore[func-returns-value]
             ^^^^^^^^^^^^^^^^^^^^^^^^^^^^^^^^^^^^^^^^^^^^^^
  File "D:\Company Project\taskflow-backend\.venv\Lib\site-packages\uvicorn\middleware\proxy_headers.py", line 84, in __call__
    return await self.app(scope, receive, send)
           ^^^^^^^^^^^^^^^^^^^^^^^^^^^^^^^^^^^^
  File "D:\Company Project\taskflow-backend\.venv\Lib\site-packages\fastapi\applications.py", line 1106, in __call__
    await super().__call__(scope, receive, send)
  File "D:\Company Project\taskflow-backend\.venv\Lib\site-packages\starlette\applications.py", line 122, in __call__
    await self.middleware_stack(scope, receive, send)
  File "D:\Company Project\taskflow-backend\.venv\Lib\site-packages\starlette\middleware\errors.py", line 184, in __call__
    raise exc
  File "D:\Company Project\taskflow-backend\.venv\Lib\site-packages\starlette\middleware\errors.py", line 162, in __call__
    await self.app(scope, receive, _send)
  File "D:\Company Project\taskflow-backend\.venv\Lib\site-packages\starlette\middleware\cors.py", line 91, in __call__
    await self.simple_response(scope, receive, send, request_headers=headers)
  File "D:\Company Project\taskflow-backend\.venv\Lib\site-packages\starlette\middleware\cors.py", line 146, in simple_response
    await self.app(scope, receive, send)
  File "D:\Company Project\taskflow-backend\.venv\Lib\site-packages\starlette\middleware\exceptions.py", line 79, in __call__
    raise exc
  File "D:\Company Project\taskflow-backend\.venv\Lib\site-packages\starlette\middleware\exceptions.py", line 68, in __call__
    await self.app(scope, receive, sender)
  File "D:\Company Project\taskflow-backend\.venv\Lib\site-packages\fastapi\middleware\asyncexitstack.py", line 20, in __call__
    raise e
  File "D:\Company Project\taskflow-backend\.venv\Lib\site-packages\fastapi\middleware\asyncexitstack.py", line 17, in __call__
    await self.app(scope, receive, send)
  File "D:\Company Project\taskflow-backend\.venv\Lib\site-packages\starlette\routing.py", line 718, in __call__
    await route.handle(scope, receive, send)
  File "D:\Company Project\taskflow-backend\.venv\Lib\site-packages\starlette\routing.py", line 276, in handle
    await self.app(scope, receive, send)
  File "D:\Company Project\taskflow-backend\.venv\Lib\site-packages\starlette\routing.py", line 66, in app
    response = await func(request)
               ^^^^^^^^^^^^^^^^^^^
  File "D:\Company Project\taskflow-backend\.venv\Lib\site-packages\fastapi\routing.py", line 274, in app
    raw_response = await run_endpoint_function(
                   ^^^^^^^^^^^^^^^^^^^^^^^^^^^^
  File "D:\Company Project\taskflow-backend\.venv\Lib\site-packages\fastapi\routing.py", line 193, in run_endpoint_function
    return await run_in_threadpool(dependant.call, **values)
           ^^^^^^^^^^^^^^^^^^^^^^^^^^^^^^^^^^^^^^^^^^^^^^^^^
  File "D:\Company Project\taskflow-backend\.venv\Lib\site-packages\starlette\concurrency.py", line 41, in run_in_threadpool
    return await anyio.to_thread.run_sync(func, *args)
           ^^^^^^^^^^^^^^^^^^^^^^^^^^^^^^^^^^^^^^^^^^^
  File "D:\Company Project\taskflow-backend\.venv\Lib\site-packages\anyio\to_thread.py", line 33, in run_sync
    return await get_asynclib().run_sync_in_worker_thread(
           ^^^^^^^^^^^^^^^^^^^^^^^^^^^^^^^^^^^^^^^^^^^^^^^
  File "D:\Company Project\taskflow-backend\.venv\Lib\site-packages\anyio\_backends\_asyncio.py", line 877, in run_sync_in_worker_thread
    return await future
           ^^^^^^^^^^^^
  File "D:\Company Project\taskflow-backend\.venv\Lib\site-packages\anyio\_backends\_asyncio.py", line 807, in run
    result = context.run(func, *args)
             ^^^^^^^^^^^^^^^^^^^^^^^^
  File "D:\Company Project\taskflow-backend\main.py", line 920, in login
    return employee_auth_response(db, user, request)
           ^^^^^^^^^^^^^^^^^^^^^^^^^^^^^^^^^^^^^^^^^
  File "D:\Company Project\taskflow-backend\main.py", line 499, in employee_auth_response
    create_employee_session(db, user, token, request)
  File "D:\Company Project\taskflow-backend\main.py", line 474, in create_employee_session
    expires_at=now + timedelta(seconds=EMPLOYEE_SESSION_TIMEOUT_SECONDS),
                                       ^^^^^^^^^^^^^^^^^^^^^^^^^^^^^^^^
NameError: name 'EMPLOYEE_SESSION_TIMEOUT_SECONDS' is not defined
ERROR:    Exception in ASGI application
Traceback (most recent call last):
  File "D:\Company Project\taskflow-backend\.venv\Lib\site-packages\uvicorn\protocols\http\httptools_impl.py", line 426, in run_asgi
    result = await app(  # type: ignore[func-returns-value]
             ^^^^^^^^^^^^^^^^^^^^^^^^^^^^^^^^^^^^^^^^^^^^^^
  File "D:\Company Project\taskflow-backend\.venv\Lib\site-packages\uvicorn\middleware\proxy_headers.py", line 84, in __call__
    return await self.app(scope, receive, send)
           ^^^^^^^^^^^^^^^^^^^^^^^^^^^^^^^^^^^^
  File "D:\Company Project\taskflow-backend\.venv\Lib\site-packages\fastapi\applications.py", line 1106, in __call__
    await super().__call__(scope, receive, send)
  File "D:\Company Project\taskflow-backend\.venv\Lib\site-packages\starlette\applications.py", line 122, in __call__
    await self.middleware_stack(scope, receive, send)
  File "D:\Company Project\taskflow-backend\.venv\Lib\site-packages\starlette\middleware\errors.py", line 184, in __call__
    raise exc
  File "D:\Company Project\taskflow-backend\.venv\Lib\site-packages\starlette\middleware\errors.py", line 162, in __call__
    await self.app(scope, receive, _send)
  File "D:\Company Project\taskflow-backend\.venv\Lib\site-packages\starlette\middleware\cors.py", line 91, in __call__
    await self.simple_response(scope, receive, send, request_headers=headers)
  File "D:\Company Project\taskflow-backend\.venv\Lib\site-packages\starlette\middleware\cors.py", line 146, in simple_response
    await self.app(scope, receive, send)
  File "D:\Company Project\taskflow-backend\.venv\Lib\site-packages\starlette\middleware\exceptions.py", line 79, in __call__
    raise exc
  File "D:\Company Project\taskflow-backend\.venv\Lib\site-packages\starlette\middleware\exceptions.py", line 68, in __call__
    await self.app(scope, receive, sender)
  File "D:\Company Project\taskflow-backend\.venv\Lib\site-packages\fastapi\middleware\asyncexitstack.py", line 20, in __call__
    raise e
  File "D:\Company Project\taskflow-backend\.venv\Lib\site-packages\fastapi\middleware\asyncexitstack.py", line 17, in __call__
    await self.app(scope, receive, send)
  File "D:\Company Project\taskflow-backend\.venv\Lib\site-packages\starlette\routing.py", line 718, in __call__
    await route.handle(scope, receive, send)
  File "D:\Company Project\taskflow-backend\.venv\Lib\site-packages\starlette\routing.py", line 276, in handle
    await self.app(scope, receive, send)
  File "D:\Company Project\taskflow-backend\.venv\Lib\site-packages\starlette\routing.py", line 66, in app
    response = await func(request)
               ^^^^^^^^^^^^^^^^^^^
  File "D:\Company Project\taskflow-backend\.venv\Lib\site-packages\fastapi\routing.py", line 274, in app
    raw_response = await run_endpoint_function(
                   ^^^^^^^^^^^^^^^^^^^^^^^^^^^^
  File "D:\Company Project\taskflow-backend\.venv\Lib\site-packages\fastapi\routing.py", line 193, in run_endpoint_function
    return await run_in_threadpool(dependant.call, **values)
           ^^^^^^^^^^^^^^^^^^^^^^^^^^^^^^^^^^^^^^^^^^^^^^^^^
  File "D:\Company Project\taskflow-backend\.venv\Lib\site-packages\starlette\concurrency.py", line 41, in run_in_threadpool
    return await anyio.to_thread.run_sync(func, *args)
           ^^^^^^^^^^^^^^^^^^^^^^^^^^^^^^^^^^^^^^^^^^^
  File "D:\Company Project\taskflow-backend\.venv\Lib\site-packages\anyio\to_thread.py", line 33, in run_sync
    return await get_asynclib().run_sync_in_worker_thread(
           ^^^^^^^^^^^^^^^^^^^^^^^^^^^^^^^^^^^^^^^^^^^^^^^
  File "D:\Company Project\taskflow-backend\.venv\Lib\site-packages\anyio\_backends\_asyncio.py", line 877, in run_sync_in_worker_thread
    return await future
           ^^^^^^^^^^^^
  File "D:\Company Project\taskflow-backend\.venv\Lib\site-packages\anyio\_backends\_asyncio.py", line 807, in run
    result = context.run(func, *args)
             ^^^^^^^^^^^^^^^^^^^^^^^^
  File "D:\Company Project\taskflow-backend\main.py", line 920, in login
    return employee_auth_response(db, user, request)
           ^^^^^^^^^^^^^^^^^^^^^^^^^^^^^^^^^^^^^^^^^
  File "D:\Company Project\taskflow-backend\main.py", line 499, in employee_auth_response
    create_employee_session(db, user, token, request)
  File "D:\Company Project\taskflow-backend\main.py", line 474, in create_employee_session
    expires_at=now + timedelta(seconds=EMPLOYEE_SESSION_TIMEOUT_SECONDS),
                                       ^^^^^^^^^^^^^^^^^^^^^^^^^^^^^^^^
NameError: name 'EMPLOYEE_SESSION_TIMEOUT_SECONDS' is not defined
ERROR:    Exception in ASGI application
Traceback (most recent call last):
  File "D:\Company Project\taskflow-backend\.venv\Lib\site-packages\uvicorn\protocols\http\httptools_impl.py", line 426, in run_asgi
    result = await app(  # type: ignore[func-returns-value]
             ^^^^^^^^^^^^^^^^^^^^^^^^^^^^^^^^^^^^^^^^^^^^^^
  File "D:\Company Project\taskflow-backend\.venv\Lib\site-packages\uvicorn\middleware\proxy_headers.py", line 84, in __call__
    return await self.app(scope, receive, send)
           ^^^^^^^^^^^^^^^^^^^^^^^^^^^^^^^^^^^^
  File "D:\Company Project\taskflow-backend\.venv\Lib\site-packages\fastapi\applications.py", line 1106, in __call__
    await super().__call__(scope, receive, send)
  File "D:\Company Project\taskflow-backend\.venv\Lib\site-packages\starlette\applications.py", line 122, in __call__
    await self.middleware_stack(scope, receive, send)
  File "D:\Company Project\taskflow-backend\.venv\Lib\site-packages\starlette\middleware\errors.py", line 184, in __call__
    raise exc
  File "D:\Company Project\taskflow-backend\.venv\Lib\site-packages\starlette\middleware\errors.py", line 162, in __call__
    await self.app(scope, receive, _send)
  File "D:\Company Project\taskflow-backend\.venv\Lib\site-packages\starlette\middleware\cors.py", line 91, in __call__
    await self.simple_response(scope, receive, send, request_headers=headers)
  File "D:\Company Project\taskflow-backend\.venv\Lib\site-packages\starlette\middleware\cors.py", line 146, in simple_response
    await self.app(scope, receive, send)
  File "D:\Company Project\taskflow-backend\.venv\Lib\site-packages\starlette\middleware\exceptions.py", line 79, in __call__
    raise exc
  File "D:\Company Project\taskflow-backend\.venv\Lib\site-packages\starlette\middleware\exceptions.py", line 68, in __call__
    await self.app(scope, receive, sender)
  File "D:\Company Project\taskflow-backend\.venv\Lib\site-packages\fastapi\middleware\asyncexitstack.py", line 20, in __call__
    raise e
  File "D:\Company Project\taskflow-backend\.venv\Lib\site-packages\fastapi\middleware\asyncexitstack.py", line 17, in __call__
    await self.app(scope, receive, send)
  File "D:\Company Project\taskflow-backend\.venv\Lib\site-packages\starlette\routing.py", line 718, in __call__
    await route.handle(scope, receive, send)
  File "D:\Company Project\taskflow-backend\.venv\Lib\site-packages\starlette\routing.py", line 276, in handle
    await self.app(scope, receive, send)
  File "D:\Company Project\taskflow-backend\.venv\Lib\site-packages\starlette\routing.py", line 66, in app
    response = await func(request)
               ^^^^^^^^^^^^^^^^^^^
  File "D:\Company Project\taskflow-backend\.venv\Lib\site-packages\fastapi\routing.py", line 274, in app
    raw_response = await run_endpoint_function(
                   ^^^^^^^^^^^^^^^^^^^^^^^^^^^^
  File "D:\Company Project\taskflow-backend\.venv\Lib\site-packages\fastapi\routing.py", line 193, in run_endpoint_function
    return await run_in_threadpool(dependant.call, **values)
           ^^^^^^^^^^^^^^^^^^^^^^^^^^^^^^^^^^^^^^^^^^^^^^^^^
  File "D:\Company Project\taskflow-backend\.venv\Lib\site-packages\starlette\concurrency.py", line 41, in run_in_threadpool
    return await anyio.to_thread.run_sync(func, *args)
           ^^^^^^^^^^^^^^^^^^^^^^^^^^^^^^^^^^^^^^^^^^^
  File "D:\Company Project\taskflow-backend\.venv\Lib\site-packages\anyio\to_thread.py", line 33, in run_sync
    return await get_asynclib().run_sync_in_worker_thread(
           ^^^^^^^^^^^^^^^^^^^^^^^^^^^^^^^^^^^^^^^^^^^^^^^
  File "D:\Company Project\taskflow-backend\.venv\Lib\site-packages\anyio\_backends\_asyncio.py", line 877, in run_sync_in_worker_thread
    return await future
           ^^^^^^^^^^^^
  File "D:\Company Project\taskflow-backend\.venv\Lib\site-packages\anyio\_backends\_asyncio.py", line 807, in run
    result = context.run(func, *args)
             ^^^^^^^^^^^^^^^^^^^^^^^^
  File "D:\Company Project\taskflow-backend\main.py", line 920, in login
    return employee_auth_response(db, user, request)
           ^^^^^^^^^^^^^^^^^^^^^^^^^^^^^^^^^^^^^^^^^
  File "D:\Company Project\taskflow-backend\main.py", line 499, in employee_auth_response
    create_employee_session(db, user, token, request)
  File "D:\Company Project\taskflow-backend\main.py", line 474, in create_employee_session
    expires_at=now + timedelta(seconds=EMPLOYEE_SESSION_TIMEOUT_SECONDS),
                                       ^^^^^^^^^^^^^^^^^^^^^^^^^^^^^^^^
NameError: name 'EMPLOYEE_SESSION_TIMEOUT_SECONDS' is not defined
ERROR:    Exception in ASGI application
Traceback (most recent call last):
  File "D:\Company Project\taskflow-backend\.venv\Lib\site-packages\uvicorn\protocols\http\httptools_impl.py", line 426, in run_asgi
    result = await app(  # type: ignore[func-returns-value]
             ^^^^^^^^^^^^^^^^^^^^^^^^^^^^^^^^^^^^^^^^^^^^^^
  File "D:\Company Project\taskflow-backend\.venv\Lib\site-packages\uvicorn\middleware\proxy_headers.py", line 84, in __call__
    return await self.app(scope, receive, send)
           ^^^^^^^^^^^^^^^^^^^^^^^^^^^^^^^^^^^^
  File "D:\Company Project\taskflow-backend\.venv\Lib\site-packages\fastapi\applications.py", line 1106, in __call__
    await super().__call__(scope, receive, send)
  File "D:\Company Project\taskflow-backend\.venv\Lib\site-packages\starlette\applications.py", line 122, in __call__
    await self.middleware_stack(scope, receive, send)
  File "D:\Company Project\taskflow-backend\.venv\Lib\site-packages\starlette\middleware\errors.py", line 184, in __call__
    raise exc
  File "D:\Company Project\taskflow-backend\.venv\Lib\site-packages\starlette\middleware\errors.py", line 162, in __call__
    await self.app(scope, receive, _send)
  File "D:\Company Project\taskflow-backend\.venv\Lib\site-packages\starlette\middleware\cors.py", line 91, in __call__
    await self.simple_response(scope, receive, send, request_headers=headers)
  File "D:\Company Project\taskflow-backend\.venv\Lib\site-packages\starlette\middleware\cors.py", line 146, in simple_response
    await self.app(scope, receive, send)
  File "D:\Company Project\taskflow-backend\.venv\Lib\site-packages\starlette\middleware\exceptions.py", line 79, in __call__
    raise exc
  File "D:\Company Project\taskflow-backend\.venv\Lib\site-packages\starlette\middleware\exceptions.py", line 68, in __call__
    await self.app(scope, receive, sender)
  File "D:\Company Project\taskflow-backend\.venv\Lib\site-packages\fastapi\middleware\asyncexitstack.py", line 20, in __call__
    raise e
  File "D:\Company Project\taskflow-backend\.venv\Lib\site-packages\fastapi\middleware\asyncexitstack.py", line 17, in __call__
    await self.app(scope, receive, send)
  File "D:\Company Project\taskflow-backend\.venv\Lib\site-packages\starlette\routing.py", line 718, in __call__
    await route.handle(scope, receive, send)
  File "D:\Company Project\taskflow-backend\.venv\Lib\site-packages\starlette\routing.py", line 276, in handle
    await self.app(scope, receive, send)
  File "D:\Company Project\taskflow-backend\.venv\Lib\site-packages\starlette\routing.py", line 66, in app
    response = await func(request)
               ^^^^^^^^^^^^^^^^^^^
  File "D:\Company Project\taskflow-backend\.venv\Lib\site-packages\fastapi\routing.py", line 274, in app
    raw_response = await run_endpoint_function(
                   ^^^^^^^^^^^^^^^^^^^^^^^^^^^^
  File "D:\Company Project\taskflow-backend\.venv\Lib\site-packages\fastapi\routing.py", line 193, in run_endpoint_function
    return await run_in_threadpool(dependant.call, **values)
           ^^^^^^^^^^^^^^^^^^^^^^^^^^^^^^^^^^^^^^^^^^^^^^^^^
  File "D:\Company Project\taskflow-backend\.venv\Lib\site-packages\starlette\concurrency.py", line 41, in run_in_threadpool
    return await anyio.to_thread.run_sync(func, *args)
           ^^^^^^^^^^^^^^^^^^^^^^^^^^^^^^^^^^^^^^^^^^^
  File "D:\Company Project\taskflow-backend\.venv\Lib\site-packages\anyio\to_thread.py", line 33, in run_sync
    return await get_asynclib().run_sync_in_worker_thread(
           ^^^^^^^^^^^^^^^^^^^^^^^^^^^^^^^^^^^^^^^^^^^^^^^
  File "D:\Company Project\taskflow-backend\.venv\Lib\site-packages\anyio\_backends\_asyncio.py", line 877, in run_sync_in_worker_thread
    return await future
           ^^^^^^^^^^^^
  File "D:\Company Project\taskflow-backend\.venv\Lib\site-packages\anyio\_backends\_asyncio.py", line 807, in run
    result = context.run(func, *args)
             ^^^^^^^^^^^^^^^^^^^^^^^^
  File "D:\Company Project\taskflow-backend\main.py", line 920, in login
    return employee_auth_response(db, user, request)
           ^^^^^^^^^^^^^^^^^^^^^^^^^^^^^^^^^^^^^^^^^
  File "D:\Company Project\taskflow-backend\main.py", line 499, in employee_auth_response
    create_employee_session(db, user, token, request)
  File "D:\Company Project\taskflow-backend\main.py", line 474, in create_employee_session
    expires_at=now + timedelta(seconds=EMPLOYEE_SESSION_TIMEOUT_SECONDS),
                                       ^^^^^^^^^^^^^^^^^^^^^^^^^^^^^^^^
NameError: name 'EMPLOYEE_SESSION_TIMEOUT_SECONDS' is not defined
ERROR:    Exception in ASGI application
Traceback (most recent call last):
  File "D:\Company Project\taskflow-backend\.venv\Lib\site-packages\uvicorn\protocols\http\httptools_impl.py", line 426, in run_asgi
    result = await app(  # type: ignore[func-returns-value]
             ^^^^^^^^^^^^^^^^^^^^^^^^^^^^^^^^^^^^^^^^^^^^^^
  File "D:\Company Project\taskflow-backend\.venv\Lib\site-packages\uvicorn\middleware\proxy_headers.py", line 84, in __call__
    return await self.app(scope, receive, send)
           ^^^^^^^^^^^^^^^^^^^^^^^^^^^^^^^^^^^^
  File "D:\Company Project\taskflow-backend\.venv\Lib\site-packages\fastapi\applications.py", line 1106, in __call__
    await super().__call__(scope, receive, send)
  File "D:\Company Project\taskflow-backend\.venv\Lib\site-packages\starlette\applications.py", line 122, in __call__
    await self.middleware_stack(scope, receive, send)
  File "D:\Company Project\taskflow-backend\.venv\Lib\site-packages\starlette\middleware\errors.py", line 184, in __call__
    raise exc
  File "D:\Company Project\taskflow-backend\.venv\Lib\site-packages\starlette\middleware\errors.py", line 162, in __call__
    await self.app(scope, receive, _send)
  File "D:\Company Project\taskflow-backend\.venv\Lib\site-packages\starlette\middleware\cors.py", line 91, in __call__
    await self.simple_response(scope, receive, send, request_headers=headers)
  File "D:\Company Project\taskflow-backend\.venv\Lib\site-packages\starlette\middleware\cors.py", line 146, in simple_response
    await self.app(scope, receive, send)
  File "D:\Company Project\taskflow-backend\.venv\Lib\site-packages\starlette\middleware\exceptions.py", line 79, in __call__
    raise exc
  File "D:\Company Project\taskflow-backend\.venv\Lib\site-packages\starlette\middleware\exceptions.py", line 68, in __call__
    await self.app(scope, receive, sender)
  File "D:\Company Project\taskflow-backend\.venv\Lib\site-packages\fastapi\middleware\asyncexitstack.py", line 20, in __call__
    raise e
  File "D:\Company Project\taskflow-backend\.venv\Lib\site-packages\fastapi\middleware\asyncexitstack.py", line 17, in __call__
    await self.app(scope, receive, send)
  File "D:\Company Project\taskflow-backend\.venv\Lib\site-packages\starlette\routing.py", line 718, in __call__
    await route.handle(scope, receive, send)
  File "D:\Company Project\taskflow-backend\.venv\Lib\site-packages\starlette\routing.py", line 276, in handle
    await self.app(scope, receive, send)
  File "D:\Company Project\taskflow-backend\.venv\Lib\site-packages\starlette\routing.py", line 66, in app
    response = await func(request)
               ^^^^^^^^^^^^^^^^^^^
  File "D:\Company Project\taskflow-backend\.venv\Lib\site-packages\fastapi\routing.py", line 274, in app
    raw_response = await run_endpoint_function(
                   ^^^^^^^^^^^^^^^^^^^^^^^^^^^^
  File "D:\Company Project\taskflow-backend\.venv\Lib\site-packages\fastapi\routing.py", line 193, in run_endpoint_function
    return await run_in_threadpool(dependant.call, **values)
           ^^^^^^^^^^^^^^^^^^^^^^^^^^^^^^^^^^^^^^^^^^^^^^^^^
  File "D:\Company Project\taskflow-backend\.venv\Lib\site-packages\starlette\concurrency.py", line 41, in run_in_threadpool
    return await anyio.to_thread.run_sync(func, *args)
           ^^^^^^^^^^^^^^^^^^^^^^^^^^^^^^^^^^^^^^^^^^^
  File "D:\Company Project\taskflow-backend\.venv\Lib\site-packages\anyio\to_thread.py", line 33, in run_sync
    return await get_asynclib().run_sync_in_worker_thread(
           ^^^^^^^^^^^^^^^^^^^^^^^^^^^^^^^^^^^^^^^^^^^^^^^
  File "D:\Company Project\taskflow-backend\.venv\Lib\site-packages\anyio\_backends\_asyncio.py", line 877, in run_sync_in_worker_thread
    return await future
           ^^^^^^^^^^^^
  File "D:\Company Project\taskflow-backend\.venv\Lib\site-packages\anyio\_backends\_asyncio.py", line 807, in run
    result = context.run(func, *args)
             ^^^^^^^^^^^^^^^^^^^^^^^^
  File "D:\Company Project\taskflow-backend\main.py", line 920, in login
    return employee_auth_response(db, user, request)
           ^^^^^^^^^^^^^^^^^^^^^^^^^^^^^^^^^^^^^^^^^
  File "D:\Company Project\taskflow-backend\main.py", line 499, in employee_auth_response
    create_employee_session(db, user, token, request)
  File "D:\Company Project\taskflow-backend\main.py", line 474, in create_employee_session
    expires_at=now + timedelta(seconds=EMPLOYEE_SESSION_TIMEOUT_SECONDS),
                                       ^^^^^^^^^^^^^^^^^^^^^^^^^^^^^^^^
NameError: name 'EMPLOYEE_SESSION_TIMEOUT_SECONDS' is not defined
ERROR:    Exception in ASGI application
Traceback (most recent call last):
  File "D:\Company Project\taskflow-backend\.venv\Lib\site-packages\uvicorn\protocols\http\httptools_impl.py", line 426, in run_asgi
    result = await app(  # type: ignore[func-returns-value]
             ^^^^^^^^^^^^^^^^^^^^^^^^^^^^^^^^^^^^^^^^^^^^^^
  File "D:\Company Project\taskflow-backend\.venv\Lib\site-packages\uvicorn\middleware\proxy_headers.py", line 84, in __call__
    return await self.app(scope, receive, send)
           ^^^^^^^^^^^^^^^^^^^^^^^^^^^^^^^^^^^^
  File "D:\Company Project\taskflow-backend\.venv\Lib\site-packages\fastapi\applications.py", line 1106, in __call__
    await super().__call__(scope, receive, send)
  File "D:\Company Project\taskflow-backend\.venv\Lib\site-packages\starlette\applications.py", line 122, in __call__
    await self.middleware_stack(scope, receive, send)
  File "D:\Company Project\taskflow-backend\.venv\Lib\site-packages\starlette\middleware\errors.py", line 184, in __call__
    raise exc
  File "D:\Company Project\taskflow-backend\.venv\Lib\site-packages\starlette\middleware\errors.py", line 162, in __call__
    await self.app(scope, receive, _send)
  File "D:\Company Project\taskflow-backend\.venv\Lib\site-packages\starlette\middleware\cors.py", line 91, in __call__
    await self.simple_response(scope, receive, send, request_headers=headers)
  File "D:\Company Project\taskflow-backend\.venv\Lib\site-packages\starlette\middleware\cors.py", line 146, in simple_response
    await self.app(scope, receive, send)
  File "D:\Company Project\taskflow-backend\.venv\Lib\site-packages\starlette\middleware\exceptions.py", line 79, in __call__
    raise exc
  File "D:\Company Project\taskflow-backend\.venv\Lib\site-packages\starlette\middleware\exceptions.py", line 68, in __call__
    await self.app(scope, receive, sender)
  File "D:\Company Project\taskflow-backend\.venv\Lib\site-packages\fastapi\middleware\asyncexitstack.py", line 20, in __call__
    raise e
  File "D:\Company Project\taskflow-backend\.venv\Lib\site-packages\fastapi\middleware\asyncexitstack.py", line 17, in __call__
    await self.app(scope, receive, send)
  File "D:\Company Project\taskflow-backend\.venv\Lib\site-packages\starlette\routing.py", line 718, in __call__
    await route.handle(scope, receive, send)
  File "D:\Company Project\taskflow-backend\.venv\Lib\site-packages\starlette\routing.py", line 276, in handle
    await self.app(scope, receive, send)
  File "D:\Company Project\taskflow-backend\.venv\Lib\site-packages\starlette\routing.py", line 66, in app
    response = await func(request)
               ^^^^^^^^^^^^^^^^^^^
  File "D:\Company Project\taskflow-backend\.venv\Lib\site-packages\fastapi\routing.py", line 274, in app
    raw_response = await run_endpoint_function(
                   ^^^^^^^^^^^^^^^^^^^^^^^^^^^^
  File "D:\Company Project\taskflow-backend\.venv\Lib\site-packages\fastapi\routing.py", line 193, in run_endpoint_function
    return await run_in_threadpool(dependant.call, **values)
           ^^^^^^^^^^^^^^^^^^^^^^^^^^^^^^^^^^^^^^^^^^^^^^^^^
  File "D:\Company Project\taskflow-backend\.venv\Lib\site-packages\starlette\concurrency.py", line 41, in run_in_threadpool
    return await anyio.to_thread.run_sync(func, *args)
           ^^^^^^^^^^^^^^^^^^^^^^^^^^^^^^^^^^^^^^^^^^^
  File "D:\Company Project\taskflow-backend\.venv\Lib\site-packages\anyio\to_thread.py", line 33, in run_sync
    return await get_asynclib().run_sync_in_worker_thread(
           ^^^^^^^^^^^^^^^^^^^^^^^^^^^^^^^^^^^^^^^^^^^^^^^
  File "D:\Company Project\taskflow-backend\.venv\Lib\site-packages\anyio\_backends\_asyncio.py", line 877, in run_sync_in_worker_thread
    return await future
           ^^^^^^^^^^^^
  File "D:\Company Project\taskflow-backend\.venv\Lib\site-packages\anyio\_backends\_asyncio.py", line 807, in run
    result = context.run(func, *args)
             ^^^^^^^^^^^^^^^^^^^^^^^^
  File "D:\Company Project\taskflow-backend\main.py", line 920, in login
    return employee_auth_response(db, user, request)
           ^^^^^^^^^^^^^^^^^^^^^^^^^^^^^^^^^^^^^^^^^
  File "D:\Company Project\taskflow-backend\main.py", line 499, in employee_auth_response
    create_employee_session(db, user, token, request)
  File "D:\Company Project\taskflow-backend\main.py", line 474, in create_employee_session
    expires_at=now + timedelta(seconds=EMPLOYEE_SESSION_TIMEOUT_SECONDS),
                                       ^^^^^^^^^^^^^^^^^^^^^^^^^^^^^^^^
NameError: name 'EMPLOYEE_SESSION_TIMEOUT_SECONDS' is not defined
ERROR:    Exception in ASGI application
Traceback (most recent call last):
  File "D:\Company Project\taskflow-backend\.venv\Lib\site-packages\uvicorn\protocols\http\httptools_impl.py", line 426, in run_asgi
    result = await app(  # type: ignore[func-returns-value]
             ^^^^^^^^^^^^^^^^^^^^^^^^^^^^^^^^^^^^^^^^^^^^^^
  File "D:\Company Project\taskflow-backend\.venv\Lib\site-packages\uvicorn\middleware\proxy_headers.py", line 84, in __call__
    return await self.app(scope, receive, send)
           ^^^^^^^^^^^^^^^^^^^^^^^^^^^^^^^^^^^^
  File "D:\Company Project\taskflow-backend\.venv\Lib\site-packages\fastapi\applications.py", line 1106, in __call__
    await super().__call__(scope, receive, send)
  File "D:\Company Project\taskflow-backend\.venv\Lib\site-packages\starlette\applications.py", line 122, in __call__
    await self.middleware_stack(scope, receive, send)
  File "D:\Company Project\taskflow-backend\.venv\Lib\site-packages\starlette\middleware\errors.py", line 184, in __call__
    raise exc
  File "D:\Company Project\taskflow-backend\.venv\Lib\site-packages\starlette\middleware\errors.py", line 162, in __call__
    await self.app(scope, receive, _send)
  File "D:\Company Project\taskflow-backend\.venv\Lib\site-packages\starlette\middleware\cors.py", line 91, in __call__
    await self.simple_response(scope, receive, send, request_headers=headers)
  File "D:\Company Project\taskflow-backend\.venv\Lib\site-packages\starlette\middleware\cors.py", line 146, in simple_response
    await self.app(scope, receive, send)
  File "D:\Company Project\taskflow-backend\.venv\Lib\site-packages\starlette\middleware\exceptions.py", line 79, in __call__
    raise exc
  File "D:\Company Project\taskflow-backend\.venv\Lib\site-packages\starlette\middleware\exceptions.py", line 68, in __call__
    await self.app(scope, receive, sender)
  File "D:\Company Project\taskflow-backend\.venv\Lib\site-packages\fastapi\middleware\asyncexitstack.py", line 20, in __call__
    raise e
  File "D:\Company Project\taskflow-backend\.venv\Lib\site-packages\fastapi\middleware\asyncexitstack.py", line 17, in __call__
    await self.app(scope, receive, send)
  File "D:\Company Project\taskflow-backend\.venv\Lib\site-packages\starlette\routing.py", line 718, in __call__
    await route.handle(scope, receive, send)
  File "D:\Company Project\taskflow-backend\.venv\Lib\site-packages\starlette\routing.py", line 276, in handle
    await self.app(scope, receive, send)
  File "D:\Company Project\taskflow-backend\.venv\Lib\site-packages\starlette\routing.py", line 66, in app
    response = await func(request)
               ^^^^^^^^^^^^^^^^^^^
  File "D:\Company Project\taskflow-backend\.venv\Lib\site-packages\fastapi\routing.py", line 274, in app
    raw_response = await run_endpoint_function(
                   ^^^^^^^^^^^^^^^^^^^^^^^^^^^^
  File "D:\Company Project\taskflow-backend\.venv\Lib\site-packages\fastapi\routing.py", line 193, in run_endpoint_function
    return await run_in_threadpool(dependant.call, **values)
           ^^^^^^^^^^^^^^^^^^^^^^^^^^^^^^^^^^^^^^^^^^^^^^^^^
  File "D:\Company Project\taskflow-backend\.venv\Lib\site-packages\starlette\concurrency.py", line 41, in run_in_threadpool
    return await anyio.to_thread.run_sync(func, *args)
           ^^^^^^^^^^^^^^^^^^^^^^^^^^^^^^^^^^^^^^^^^^^
  File "D:\Company Project\taskflow-backend\.venv\Lib\site-packages\anyio\to_thread.py", line 33, in run_sync
    return await get_asynclib().run_sync_in_worker_thread(
           ^^^^^^^^^^^^^^^^^^^^^^^^^^^^^^^^^^^^^^^^^^^^^^^
  File "D:\Company Project\taskflow-backend\.venv\Lib\site-packages\anyio\_backends\_asyncio.py", line 877, in run_sync_in_worker_thread
    return await future
           ^^^^^^^^^^^^
  File "D:\Company Project\taskflow-backend\.venv\Lib\site-packages\anyio\_backends\_asyncio.py", line 807, in run
    result = context.run(func, *args)
             ^^^^^^^^^^^^^^^^^^^^^^^^
  File "D:\Company Project\taskflow-backend\main.py", line 920, in login
    return employee_auth_response(db, user, request)
           ^^^^^^^^^^^^^^^^^^^^^^^^^^^^^^^^^^^^^^^^^
  File "D:\Company Project\taskflow-backend\main.py", line 499, in employee_auth_response
    create_employee_session(db, user, token, request)
  File "D:\Company Project\taskflow-backend\main.py", line 474, in create_employee_session
    expires_at=now + timedelta(seconds=EMPLOYEE_SESSION_TIMEOUT_SECONDS),
                                       ^^^^^^^^^^^^^^^^^^^^^^^^^^^^^^^^
NameError: name 'EMPLOYEE_SESSION_TIMEOUT_SECONDS' is not defined
ERROR:    Exception in ASGI application
Traceback (most recent call last):
  File "D:\Company Project\taskflow-backend\.venv\Lib\site-packages\uvicorn\protocols\http\httptools_impl.py", line 426, in run_asgi
    result = await app(  # type: ignore[func-returns-value]
             ^^^^^^^^^^^^^^^^^^^^^^^^^^^^^^^^^^^^^^^^^^^^^^
  File "D:\Company Project\taskflow-backend\.venv\Lib\site-packages\uvicorn\middleware\proxy_headers.py", line 84, in __call__
    return await self.app(scope, receive, send)
           ^^^^^^^^^^^^^^^^^^^^^^^^^^^^^^^^^^^^
  File "D:\Company Project\taskflow-backend\.venv\Lib\site-packages\fastapi\applications.py", line 1106, in __call__
    await super().__call__(scope, receive, send)
  File "D:\Company Project\taskflow-backend\.venv\Lib\site-packages\starlette\applications.py", line 122, in __call__
    await self.middleware_stack(scope, receive, send)
  File "D:\Company Project\taskflow-backend\.venv\Lib\site-packages\starlette\middleware\errors.py", line 184, in __call__
    raise exc
  File "D:\Company Project\taskflow-backend\.venv\Lib\site-packages\starlette\middleware\errors.py", line 162, in __call__
    await self.app(scope, receive, _send)
  File "D:\Company Project\taskflow-backend\.venv\Lib\site-packages\starlette\middleware\cors.py", line 91, in __call__
    await self.simple_response(scope, receive, send, request_headers=headers)
  File "D:\Company Project\taskflow-backend\.venv\Lib\site-packages\starlette\middleware\cors.py", line 146, in simple_response
    await self.app(scope, receive, send)
  File "D:\Company Project\taskflow-backend\.venv\Lib\site-packages\starlette\middleware\exceptions.py", line 79, in __call__
    raise exc
  File "D:\Company Project\taskflow-backend\.venv\Lib\site-packages\starlette\middleware\exceptions.py", line 68, in __call__
    await self.app(scope, receive, sender)
  File "D:\Company Project\taskflow-backend\.venv\Lib\site-packages\fastapi\middleware\asyncexitstack.py", line 20, in __call__
    raise e
  File "D:\Company Project\taskflow-backend\.venv\Lib\site-packages\fastapi\middleware\asyncexitstack.py", line 17, in __call__
    await self.app(scope, receive, send)
  File "D:\Company Project\taskflow-backend\.venv\Lib\site-packages\starlette\routing.py", line 718, in __call__
    await route.handle(scope, receive, send)
  File "D:\Company Project\taskflow-backend\.venv\Lib\site-packages\starlette\routing.py", line 276, in handle
    await self.app(scope, receive, send)
  File "D:\Company Project\taskflow-backend\.venv\Lib\site-packages\starlette\routing.py", line 66, in app
    response = await func(request)
               ^^^^^^^^^^^^^^^^^^^
  File "D:\Company Project\taskflow-backend\.venv\Lib\site-packages\fastapi\routing.py", line 274, in app
    raw_response = await run_endpoint_function(
                   ^^^^^^^^^^^^^^^^^^^^^^^^^^^^
  File "D:\Company Project\taskflow-backend\.venv\Lib\site-packages\fastapi\routing.py", line 193, in run_endpoint_function
    return await run_in_threadpool(dependant.call, **values)
           ^^^^^^^^^^^^^^^^^^^^^^^^^^^^^^^^^^^^^^^^^^^^^^^^^
  File "D:\Company Project\taskflow-backend\.venv\Lib\site-packages\starlette\concurrency.py", line 41, in run_in_threadpool
    return await anyio.to_thread.run_sync(func, *args)
           ^^^^^^^^^^^^^^^^^^^^^^^^^^^^^^^^^^^^^^^^^^^
  File "D:\Company Project\taskflow-backend\.venv\Lib\site-packages\anyio\to_thread.py", line 33, in run_sync
    return await get_asynclib().run_sync_in_worker_thread(
           ^^^^^^^^^^^^^^^^^^^^^^^^^^^^^^^^^^^^^^^^^^^^^^^
  File "D:\Company Project\taskflow-backend\.venv\Lib\site-packages\anyio\_backends\_asyncio.py", line 877, in run_sync_in_worker_thread
    return await future
           ^^^^^^^^^^^^
  File "D:\Company Project\taskflow-backend\.venv\Lib\site-packages\anyio\_backends\_asyncio.py", line 807, in run
    result = context.run(func, *args)
             ^^^^^^^^^^^^^^^^^^^^^^^^
  File "D:\Company Project\taskflow-backend\main.py", line 920, in login
    return employee_auth_response(db, user, request)
           ^^^^^^^^^^^^^^^^^^^^^^^^^^^^^^^^^^^^^^^^^
  File "D:\Company Project\taskflow-backend\main.py", line 499, in employee_auth_response
    create_employee_session(db, user, token, request)
  File "D:\Company Project\taskflow-backend\main.py", line 474, in create_employee_session
    expires_at=now + timedelta(seconds=EMPLOYEE_SESSION_TIMEOUT_SECONDS),
                                       ^^^^^^^^^^^^^^^^^^^^^^^^^^^^^^^^
NameError: name 'EMPLOYEE_SESSION_TIMEOUT_SECONDS' is not defined
ERROR:    Exception in ASGI application
Traceback (most recent call last):
  File "D:\Company Project\taskflow-backend\.venv\Lib\site-packages\uvicorn\protocols\http\httptools_impl.py", line 426, in run_asgi
    result = await app(  # type: ignore[func-returns-value]
             ^^^^^^^^^^^^^^^^^^^^^^^^^^^^^^^^^^^^^^^^^^^^^^
  File "D:\Company Project\taskflow-backend\.venv\Lib\site-packages\uvicorn\middleware\proxy_headers.py", line 84, in __call__
    return await self.app(scope, receive, send)
           ^^^^^^^^^^^^^^^^^^^^^^^^^^^^^^^^^^^^
  File "D:\Company Project\taskflow-backend\.venv\Lib\site-packages\fastapi\applications.py", line 1106, in __call__
    await super().__call__(scope, receive, send)
  File "D:\Company Project\taskflow-backend\.venv\Lib\site-packages\starlette\applications.py", line 122, in __call__
    await self.middleware_stack(scope, receive, send)
  File "D:\Company Project\taskflow-backend\.venv\Lib\site-packages\starlette\middleware\errors.py", line 184, in __call__
    raise exc
  File "D:\Company Project\taskflow-backend\.venv\Lib\site-packages\starlette\middleware\errors.py", line 162, in __call__
    await self.app(scope, receive, _send)
  File "D:\Company Project\taskflow-backend\.venv\Lib\site-packages\starlette\middleware\cors.py", line 91, in __call__
    await self.simple_response(scope, receive, send, request_headers=headers)
  File "D:\Company Project\taskflow-backend\.venv\Lib\site-packages\starlette\middleware\cors.py", line 146, in simple_response
    await self.app(scope, receive, send)
  File "D:\Company Project\taskflow-backend\.venv\Lib\site-packages\starlette\middleware\exceptions.py", line 79, in __call__
    raise exc
  File "D:\Company Project\taskflow-backend\.venv\Lib\site-packages\starlette\middleware\exceptions.py", line 68, in __call__
    await self.app(scope, receive, sender)
  File "D:\Company Project\taskflow-backend\.venv\Lib\site-packages\fastapi\middleware\asyncexitstack.py", line 20, in __call__
    raise e
  File "D:\Company Project\taskflow-backend\.venv\Lib\site-packages\fastapi\middleware\asyncexitstack.py", line 17, in __call__
    await self.app(scope, receive, send)
  File "D:\Company Project\taskflow-backend\.venv\Lib\site-packages\starlette\routing.py", line 718, in __call__
    await route.handle(scope, receive, send)
  File "D:\Company Project\taskflow-backend\.venv\Lib\site-packages\starlette\routing.py", line 276, in handle
    await self.app(scope, receive, send)
  File "D:\Company Project\taskflow-backend\.venv\Lib\site-packages\starlette\routing.py", line 66, in app
    response = await func(request)
               ^^^^^^^^^^^^^^^^^^^
  File "D:\Company Project\taskflow-backend\.venv\Lib\site-packages\fastapi\routing.py", line 274, in app
    raw_response = await run_endpoint_function(
                   ^^^^^^^^^^^^^^^^^^^^^^^^^^^^
  File "D:\Company Project\taskflow-backend\.venv\Lib\site-packages\fastapi\routing.py", line 193, in run_endpoint_function
    return await run_in_threadpool(dependant.call, **values)
           ^^^^^^^^^^^^^^^^^^^^^^^^^^^^^^^^^^^^^^^^^^^^^^^^^
  File "D:\Company Project\taskflow-backend\.venv\Lib\site-packages\starlette\concurrency.py", line 41, in run_in_threadpool
    return await anyio.to_thread.run_sync(func, *args)
           ^^^^^^^^^^^^^^^^^^^^^^^^^^^^^^^^^^^^^^^^^^^
  File "D:\Company Project\taskflow-backend\.venv\Lib\site-packages\anyio\to_thread.py", line 33, in run_sync
    return await get_asynclib().run_sync_in_worker_thread(
           ^^^^^^^^^^^^^^^^^^^^^^^^^^^^^^^^^^^^^^^^^^^^^^^
  File "D:\Company Project\taskflow-backend\.venv\Lib\site-packages\anyio\_backends\_asyncio.py", line 877, in run_sync_in_worker_thread
    return await future
           ^^^^^^^^^^^^
  File "D:\Company Project\taskflow-backend\.venv\Lib\site-packages\anyio\_backends\_asyncio.py", line 807, in run
    result = context.run(func, *args)
             ^^^^^^^^^^^^^^^^^^^^^^^^
  File "D:\Company Project\taskflow-backend\main.py", line 920, in login
    return employee_auth_response(db, user, request)
           ^^^^^^^^^^^^^^^^^^^^^^^^^^^^^^^^^^^^^^^^^
  File "D:\Company Project\taskflow-backend\main.py", line 499, in employee_auth_response
    create_employee_session(db, user, token, request)
  File "D:\Company Project\taskflow-backend\main.py", line 474, in create_employee_session
    expires_at=now + timedelta(seconds=EMPLOYEE_SESSION_TIMEOUT_SECONDS),
                                       ^^^^^^^^^^^^^^^^^^^^^^^^^^^^^^^^
NameError: name 'EMPLOYEE_SESSION_TIMEOUT_SECONDS' is not defined
ERROR:    Exception in ASGI application
Traceback (most recent call last):
  File "D:\Company Project\taskflow-backend\.venv\Lib\site-packages\uvicorn\protocols\http\httptools_impl.py", line 426, in run_asgi
    result = await app(  # type: ignore[func-returns-value]
             ^^^^^^^^^^^^^^^^^^^^^^^^^^^^^^^^^^^^^^^^^^^^^^
  File "D:\Company Project\taskflow-backend\.venv\Lib\site-packages\uvicorn\middleware\proxy_headers.py", line 84, in __call__
    return await self.app(scope, receive, send)
           ^^^^^^^^^^^^^^^^^^^^^^^^^^^^^^^^^^^^
  File "D:\Company Project\taskflow-backend\.venv\Lib\site-packages\fastapi\applications.py", line 1106, in __call__
    await super().__call__(scope, receive, send)
  File "D:\Company Project\taskflow-backend\.venv\Lib\site-packages\starlette\applications.py", line 122, in __call__
    await self.middleware_stack(scope, receive, send)
  File "D:\Company Project\taskflow-backend\.venv\Lib\site-packages\starlette\middleware\errors.py", line 184, in __call__
    raise exc
  File "D:\Company Project\taskflow-backend\.venv\Lib\site-packages\starlette\middleware\errors.py", line 162, in __call__
    await self.app(scope, receive, _send)
  File "D:\Company Project\taskflow-backend\.venv\Lib\site-packages\starlette\middleware\cors.py", line 91, in __call__
    await self.simple_response(scope, receive, send, request_headers=headers)
  File "D:\Company Project\taskflow-backend\.venv\Lib\site-packages\starlette\middleware\cors.py", line 146, in simple_response
    await self.app(scope, receive, send)
  File "D:\Company Project\taskflow-backend\.venv\Lib\site-packages\starlette\middleware\exceptions.py", line 79, in __call__
    raise exc
  File "D:\Company Project\taskflow-backend\.venv\Lib\site-packages\starlette\middleware\exceptions.py", line 68, in __call__
    await self.app(scope, receive, sender)
  File "D:\Company Project\taskflow-backend\.venv\Lib\site-packages\fastapi\middleware\asyncexitstack.py", line 20, in __call__
    raise e
  File "D:\Company Project\taskflow-backend\.venv\Lib\site-packages\fastapi\middleware\asyncexitstack.py", line 17, in __call__
    await self.app(scope, receive, send)
  File "D:\Company Project\taskflow-backend\.venv\Lib\site-packages\starlette\routing.py", line 718, in __call__
    await route.handle(scope, receive, send)
  File "D:\Company Project\taskflow-backend\.venv\Lib\site-packages\starlette\routing.py", line 276, in handle
    await self.app(scope, receive, send)
  File "D:\Company Project\taskflow-backend\.venv\Lib\site-packages\starlette\routing.py", line 66, in app
    response = await func(request)
               ^^^^^^^^^^^^^^^^^^^
  File "D:\Company Project\taskflow-backend\.venv\Lib\site-packages\fastapi\routing.py", line 274, in app
    raw_response = await run_endpoint_function(
                   ^^^^^^^^^^^^^^^^^^^^^^^^^^^^
  File "D:\Company Project\taskflow-backend\.venv\Lib\site-packages\fastapi\routing.py", line 193, in run_endpoint_function
    return await run_in_threadpool(dependant.call, **values)
           ^^^^^^^^^^^^^^^^^^^^^^^^^^^^^^^^^^^^^^^^^^^^^^^^^
  File "D:\Company Project\taskflow-backend\.venv\Lib\site-packages\starlette\concurrency.py", line 41, in run_in_threadpool
    return await anyio.to_thread.run_sync(func, *args)
           ^^^^^^^^^^^^^^^^^^^^^^^^^^^^^^^^^^^^^^^^^^^
  File "D:\Company Project\taskflow-backend\.venv\Lib\site-packages\anyio\to_thread.py", line 33, in run_sync
    return await get_asynclib().run_sync_in_worker_thread(
           ^^^^^^^^^^^^^^^^^^^^^^^^^^^^^^^^^^^^^^^^^^^^^^^
  File "D:\Company Project\taskflow-backend\.venv\Lib\site-packages\anyio\_backends\_asyncio.py", line 877, in run_sync_in_worker_thread
    return await future
           ^^^^^^^^^^^^
  File "D:\Company Project\taskflow-backend\.venv\Lib\site-packages\anyio\_backends\_asyncio.py", line 807, in run
    result = context.run(func, *args)
             ^^^^^^^^^^^^^^^^^^^^^^^^
  File "D:\Company Project\taskflow-backend\main.py", line 920, in login
    return employee_auth_response(db, user, request)
           ^^^^^^^^^^^^^^^^^^^^^^^^^^^^^^^^^^^^^^^^^
  File "D:\Company Project\taskflow-backend\main.py", line 499, in employee_auth_response
    create_employee_session(db, user, token, request)
  File "D:\Company Project\taskflow-backend\main.py", line 474, in create_employee_session
    expires_at=now + timedelta(seconds=EMPLOYEE_SESSION_TIMEOUT_SECONDS),
                                       ^^^^^^^^^^^^^^^^^^^^^^^^^^^^^^^^
NameError: name 'EMPLOYEE_SESSION_TIMEOUT_SECONDS' is not defined
ERROR:    Exception in ASGI application
Traceback (most recent call last):
  File "D:\Company Project\taskflow-backend\.venv\Lib\site-packages\uvicorn\protocols\http\httptools_impl.py", line 426, in run_asgi
    result = await app(  # type: ignore[func-returns-value]
             ^^^^^^^^^^^^^^^^^^^^^^^^^^^^^^^^^^^^^^^^^^^^^^
  File "D:\Company Project\taskflow-backend\.venv\Lib\site-packages\uvicorn\middleware\proxy_headers.py", line 84, in __call__
    return await self.app(scope, receive, send)
           ^^^^^^^^^^^^^^^^^^^^^^^^^^^^^^^^^^^^
  File "D:\Company Project\taskflow-backend\.venv\Lib\site-packages\fastapi\applications.py", line 1106, in __call__
    await super().__call__(scope, receive, send)
  File "D:\Company Project\taskflow-backend\.venv\Lib\site-packages\starlette\applications.py", line 122, in __call__
    await self.middleware_stack(scope, receive, send)
  File "D:\Company Project\taskflow-backend\.venv\Lib\site-packages\starlette\middleware\errors.py", line 184, in __call__
    raise exc
  File "D:\Company Project\taskflow-backend\.venv\Lib\site-packages\starlette\middleware\errors.py", line 162, in __call__
    await self.app(scope, receive, _send)
  File "D:\Company Project\taskflow-backend\.venv\Lib\site-packages\starlette\middleware\cors.py", line 91, in __call__
    await self.simple_response(scope, receive, send, request_headers=headers)
  File "D:\Company Project\taskflow-backend\.venv\Lib\site-packages\starlette\middleware\cors.py", line 146, in simple_response
    await self.app(scope, receive, send)
  File "D:\Company Project\taskflow-backend\.venv\Lib\site-packages\starlette\middleware\exceptions.py", line 79, in __call__
    raise exc
  File "D:\Company Project\taskflow-backend\.venv\Lib\site-packages\starlette\middleware\exceptions.py", line 68, in __call__
    await self.app(scope, receive, sender)
  File "D:\Company Project\taskflow-backend\.venv\Lib\site-packages\fastapi\middleware\asyncexitstack.py", line 20, in __call__
    raise e
  File "D:\Company Project\taskflow-backend\.venv\Lib\site-packages\fastapi\middleware\asyncexitstack.py", line 17, in __call__
    await self.app(scope, receive, send)
  File "D:\Company Project\taskflow-backend\.venv\Lib\site-packages\starlette\routing.py", line 718, in __call__
    await route.handle(scope, receive, send)
  File "D:\Company Project\taskflow-backend\.venv\Lib\site-packages\starlette\routing.py", line 276, in handle
    await self.app(scope, receive, send)
  File "D:\Company Project\taskflow-backend\.venv\Lib\site-packages\starlette\routing.py", line 66, in app
    response = await func(request)
               ^^^^^^^^^^^^^^^^^^^
  File "D:\Company Project\taskflow-backend\.venv\Lib\site-packages\fastapi\routing.py", line 274, in app
    raw_response = await run_endpoint_function(
                   ^^^^^^^^^^^^^^^^^^^^^^^^^^^^
  File "D:\Company Project\taskflow-backend\.venv\Lib\site-packages\fastapi\routing.py", line 193, in run_endpoint_function
    return await run_in_threadpool(dependant.call, **values)
           ^^^^^^^^^^^^^^^^^^^^^^^^^^^^^^^^^^^^^^^^^^^^^^^^^
  File "D:\Company Project\taskflow-backend\.venv\Lib\site-packages\starlette\concurrency.py", line 41, in run_in_threadpool
    return await anyio.to_thread.run_sync(func, *args)
           ^^^^^^^^^^^^^^^^^^^^^^^^^^^^^^^^^^^^^^^^^^^
  File "D:\Company Project\taskflow-backend\.venv\Lib\site-packages\anyio\to_thread.py", line 33, in run_sync
    return await get_asynclib().run_sync_in_worker_thread(
           ^^^^^^^^^^^^^^^^^^^^^^^^^^^^^^^^^^^^^^^^^^^^^^^
  File "D:\Company Project\taskflow-backend\.venv\Lib\site-packages\anyio\_backends\_asyncio.py", line 877, in run_sync_in_worker_thread
    return await future
           ^^^^^^^^^^^^
  File "D:\Company Project\taskflow-backend\.venv\Lib\site-packages\anyio\_backends\_asyncio.py", line 807, in run
    result = context.run(func, *args)
             ^^^^^^^^^^^^^^^^^^^^^^^^
  File "D:\Company Project\taskflow-backend\main.py", line 920, in login
    return employee_auth_response(db, user, request)
           ^^^^^^^^^^^^^^^^^^^^^^^^^^^^^^^^^^^^^^^^^
  File "D:\Company Project\taskflow-backend\main.py", line 499, in employee_auth_response
    create_employee_session(db, user, token, request)
  File "D:\Company Project\taskflow-backend\main.py", line 474, in create_employee_session
    expires_at=now + timedelta(seconds=EMPLOYEE_SESSION_TIMEOUT_SECONDS),
                                       ^^^^^^^^^^^^^^^^^^^^^^^^^^^^^^^^
NameError: name 'EMPLOYEE_SESSION_TIMEOUT_SECONDS' is not defined
WARNING:  WatchFiles detected changes in 'main.py'. Reloading...
INFO:     Shutting down
INFO:     connection closed
INFO:     connection closed
INFO:     connection closed
INFO:     connection closed
INFO:     connection closed
INFO:     connection closed
INFO:     connection closed
INFO:     connection closed
INFO:     connection closed
INFO:     connection closed
INFO:     connection closed
INFO:     connection closed
INFO:     connection closed
INFO:     connection closed
INFO:     connection closed
INFO:     connection closed
INFO:     connection closed
INFO:     connection closed
INFO:     connection closed
INFO:     connection closed
INFO:     connection closed
INFO:     connection closed
INFO:     connection closed
INFO:     connection closed
INFO:     connection closed
INFO:     connection closed
INFO:     connection closed
INFO:     connection closed
INFO:     Waiting for application shutdown.
INFO:     Application shutdown complete.
INFO:     Finished server process [10060]
WARNING:  WatchFiles detected changes in 'auth_utils.py'. Reloading...
INFO:     Started server process [10172]
INFO:     Waiting for application startup.
ERROR:    Traceback (most recent call last):
  File "C:\Users\shind\AppData\Local\Programs\Python\Python311\Lib\asyncio\runners.py", line 118, in run
    return self._loop.run_until_complete(task)
           ^^^^^^^^^^^^^^^^^^^^^^^^^^^^^^^^^^^
  File "C:\Users\shind\AppData\Local\Programs\Python\Python311\Lib\asyncio\base_events.py", line 654, in run_until_complete
    return future.result()
           ^^^^^^^^^^^^^^^
  File "D:\Company Project\taskflow-backend\.venv\Lib\site-packages\uvicorn\server.py", line 78, in serve
    await self.startup(sockets=sockets)
  File "D:\Company Project\taskflow-backend\.venv\Lib\site-packages\uvicorn\server.py", line 89, in startup
    await self.lifespan.startup()
  File "D:\Company Project\taskflow-backend\.venv\Lib\site-packages\uvicorn\lifespan\on.py", line 54, in startup
    await self.startup_event.wait()
  File "C:\Users\shind\AppData\Local\Programs\Python\Python311\Lib\asyncio\locks.py", line 213, in wait
    await fut
asyncio.exceptions.CancelledError

During handling of the above exception, another exception occurred:

Traceback (most recent call last):
  File "C:\Users\shind\AppData\Local\Programs\Python\Python311\Lib\asyncio\runners.py", line 190, in run
    return runner.run(main)
           ^^^^^^^^^^^^^^^^
  File "C:\Users\shind\AppData\Local\Programs\Python\Python311\Lib\asyncio\runners.py", line 123, in run
    raise KeyboardInterrupt()
KeyboardInterrupt

During handling of the above exception, another exception occurred:

Traceback (most recent call last):
  File "D:\Company Project\taskflow-backend\.venv\Lib\site-packages\starlette\routing.py", line 686, in lifespan
    await receive()
  File "D:\Company Project\taskflow-backend\.venv\Lib\site-packages\uvicorn\lifespan\on.py", line 137, in receive
    return await self.receive_queue.get()
           ^^^^^^^^^^^^^^^^^^^^^^^^^^^^^^
  File "C:\Users\shind\AppData\Local\Programs\Python\Python311\Lib\asyncio\queues.py", line 158, in get
    await getter
asyncio.exceptions.CancelledError

Process SpawnProcess-37:
Traceback (most recent call last):
  File "C:\Users\shind\AppData\Local\Programs\Python\Python311\Lib\asyncio\runners.py", line 118, in run
    return self._loop.run_until_complete(task)
           ^^^^^^^^^^^^^^^^^^^^^^^^^^^^^^^^^^^
  File "C:\Users\shind\AppData\Local\Programs\Python\Python311\Lib\asyncio\base_events.py", line 654, in run_until_complete
    return future.result()
           ^^^^^^^^^^^^^^^
  File "D:\Company Project\taskflow-backend\.venv\Lib\site-packages\uvicorn\server.py", line 78, in serve
    await self.startup(sockets=sockets)
  File "D:\Company Project\taskflow-backend\.venv\Lib\site-packages\uvicorn\server.py", line 89, in startup
    await self.lifespan.startup()
  File "D:\Company Project\taskflow-backend\.venv\Lib\site-packages\uvicorn\lifespan\on.py", line 54, in startup
    await self.startup_event.wait()
  File "C:\Users\shind\AppData\Local\Programs\Python\Python311\Lib\asyncio\locks.py", line 213, in wait
    await fut
asyncio.exceptions.CancelledError

During handling of the above exception, another exception occurred:

Traceback (most recent call last):
  File "C:\Users\shind\AppData\Local\Programs\Python\Python311\Lib\multiprocessing\process.py", line 314, in _bootstrap
    self.run()
  File "C:\Users\shind\AppData\Local\Programs\Python\Python311\Lib\multiprocessing\process.py", line 108, in run
    self._target(*self._args, **self._kwargs)
  File "D:\Company Project\taskflow-backend\.venv\Lib\site-packages\uvicorn\_subprocess.py", line 76, in subprocess_started
    target(sockets=sockets)
  File "D:\Company Project\taskflow-backend\.venv\Lib\site-packages\uvicorn\server.py", line 61, in run
    return asyncio.run(self.serve(sockets=sockets))
           ^^^^^^^^^^^^^^^^^^^^^^^^^^^^^^^^^^^^^^^^
  File "C:\Users\shind\AppData\Local\Programs\Python\Python311\Lib\asyncio\runners.py", line 190, in run
    return runner.run(main)
           ^^^^^^^^^^^^^^^^
  File "C:\Users\shind\AppData\Local\Programs\Python\Python311\Lib\asyncio\runners.py", line 123, in run
    raise KeyboardInterrupt()
KeyboardInterrupt
INFO:     Started server process [22996]
INFO:     Waiting for application startup.
INFO:     Application startup complete.
INFO:     ('127.0.0.1', 55327) - "WebSocket /ws/locations" [accepted]
INFO:     connection open
INFO:     connection closed
WARNING:  WatchFiles detected changes in 'employee_login_accounts.py'. Reloading...
INFO:     ('127.0.0.1', 63705) - "WebSocket /ws/locations" [accepted]
INFO:     connection open
INFO:     Shutting down
INFO:     connection closed
INFO:     Waiting for application shutdown.
INFO:     Application shutdown complete.
INFO:     Finished server process [22996]
WARNING:  WatchFiles detected changes in 'main.py', 'platform_routes.py', 'schemas.py'. Reloading...
INFO:     Started server process [25560]
INFO:     Waiting for application startup.
ERROR:    Traceback (most recent call last):
  File "C:\Users\shind\AppData\Local\Programs\Python\Python311\Lib\asyncio\runners.py", line 118, in run
    return self._loop.run_until_complete(task)
           ^^^^^^^^^^^^^^^^^^^^^^^^^^^^^^^^^^^
  File "C:\Users\shind\AppData\Local\Programs\Python\Python311\Lib\asyncio\base_events.py", line 654, in run_until_complete
    return future.result()
           ^^^^^^^^^^^^^^^
  File "D:\Company Project\taskflow-backend\.venv\Lib\site-packages\uvicorn\server.py", line 78, in serve
    await self.startup(sockets=sockets)
  File "D:\Company Project\taskflow-backend\.venv\Lib\site-packages\uvicorn\server.py", line 89, in startup
    await self.lifespan.startup()
  File "D:\Company Project\taskflow-backend\.venv\Lib\site-packages\uvicorn\lifespan\on.py", line 54, in startup
    await self.startup_event.wait()
  File "C:\Users\shind\AppData\Local\Programs\Python\Python311\Lib\asyncio\locks.py", line 213, in wait
    await fut
asyncio.exceptions.CancelledError

During handling of the above exception, another exception occurred:

Traceback (most recent call last):
  File "C:\Users\shind\AppData\Local\Programs\Python\Python311\Lib\asyncio\runners.py", line 190, in run
    return runner.run(main)
           ^^^^^^^^^^^^^^^^
  File "C:\Users\shind\AppData\Local\Programs\Python\Python311\Lib\asyncio\runners.py", line 123, in run
    raise KeyboardInterrupt()
KeyboardInterrupt

During handling of the above exception, another exception occurred:

Traceback (most recent call last):
  File "D:\Company Project\taskflow-backend\.venv\Lib\site-packages\starlette\routing.py", line 686, in lifespan
    await receive()
  File "D:\Company Project\taskflow-backend\.venv\Lib\site-packages\uvicorn\lifespan\on.py", line 137, in receive
    return await self.receive_queue.get()
           ^^^^^^^^^^^^^^^^^^^^^^^^^^^^^^
  File "C:\Users\shind\AppData\Local\Programs\Python\Python311\Lib\asyncio\queues.py", line 158, in get
    await getter
asyncio.exceptions.CancelledError

Process SpawnProcess-39:
Traceback (most recent call last):
  File "C:\Users\shind\AppData\Local\Programs\Python\Python311\Lib\asyncio\runners.py", line 118, in run
    return self._loop.run_until_complete(task)
           ^^^^^^^^^^^^^^^^^^^^^^^^^^^^^^^^^^^
  File "C:\Users\shind\AppData\Local\Programs\Python\Python311\Lib\asyncio\base_events.py", line 654, in run_until_complete
    return future.result()
           ^^^^^^^^^^^^^^^
  File "D:\Company Project\taskflow-backend\.venv\Lib\site-packages\uvicorn\server.py", line 78, in serve
    await self.startup(sockets=sockets)
  File "D:\Company Project\taskflow-backend\.venv\Lib\site-packages\uvicorn\server.py", line 89, in startup
    await self.lifespan.startup()
  File "D:\Company Project\taskflow-backend\.venv\Lib\site-packages\uvicorn\lifespan\on.py", line 54, in startup
    await self.startup_event.wait()
  File "C:\Users\shind\AppData\Local\Programs\Python\Python311\Lib\asyncio\locks.py", line 213, in wait
    await fut
asyncio.exceptions.CancelledError

During handling of the above exception, another exception occurred:

Traceback (most recent call last):
  File "C:\Users\shind\AppData\Local\Programs\Python\Python311\Lib\multiprocessing\process.py", line 314, in _bootstrap
    self.run()
  File "C:\Users\shind\AppData\Local\Programs\Python\Python311\Lib\multiprocessing\process.py", line 108, in run
    self._target(*self._args, **self._kwargs)
  File "D:\Company Project\taskflow-backend\.venv\Lib\site-packages\uvicorn\_subprocess.py", line 76, in subprocess_started
    target(sockets=sockets)
  File "D:\Company Project\taskflow-backend\.venv\Lib\site-packages\uvicorn\server.py", line 61, in run
    return asyncio.run(self.serve(sockets=sockets))
           ^^^^^^^^^^^^^^^^^^^^^^^^^^^^^^^^^^^^^^^^
  File "C:\Users\shind\AppData\Local\Programs\Python\Python311\Lib\asyncio\runners.py", line 190, in run
    return runner.run(main)
           ^^^^^^^^^^^^^^^^
  File "C:\Users\shind\AppData\Local\Programs\Python\Python311\Lib\asyncio\runners.py", line 123, in run
    raise KeyboardInterrupt()
KeyboardInterrupt
INFO:     Started server process [24980]
INFO:     Waiting for application startup.
INFO:     Application startup complete.
INFO:     ('127.0.0.1', 58788) - "WebSocket /ws/locations" [accepted]
INFO:     connection open
INFO:     ('127.0.0.1', 57539) - "WebSocket /ws/locations" [accepted]
INFO:     connection open
INFO:     ('127.0.0.1', 53011) - "WebSocket /ws/locations" [accepted]
INFO:     connection open
ERROR:    Exception in ASGI application
Traceback (most recent call last):
  File "D:\Company Project\taskflow-backend\.venv\Lib\site-packages\uvicorn\protocols\http\httptools_impl.py", line 426, in run_asgi
    result = await app(  # type: ignore[func-returns-value]
             ^^^^^^^^^^^^^^^^^^^^^^^^^^^^^^^^^^^^^^^^^^^^^^
  File "D:\Company Project\taskflow-backend\.venv\Lib\site-packages\uvicorn\middleware\proxy_headers.py", line 84, in __call__
    return await self.app(scope, receive, send)
           ^^^^^^^^^^^^^^^^^^^^^^^^^^^^^^^^^^^^
  File "D:\Company Project\taskflow-backend\.venv\Lib\site-packages\fastapi\applications.py", line 1106, in __call__
    await super().__call__(scope, receive, send)
  File "D:\Company Project\taskflow-backend\.venv\Lib\site-packages\starlette\applications.py", line 122, in __call__
    await self.middleware_stack(scope, receive, send)
  File "D:\Company Project\taskflow-backend\.venv\Lib\site-packages\starlette\middleware\errors.py", line 184, in __call__
    raise exc
  File "D:\Company Project\taskflow-backend\.venv\Lib\site-packages\starlette\middleware\errors.py", line 162, in __call__
    await self.app(scope, receive, _send)
  File "D:\Company Project\taskflow-backend\.venv\Lib\site-packages\starlette\middleware\cors.py", line 91, in __call__
    await self.simple_response(scope, receive, send, request_headers=headers)
  File "D:\Company Project\taskflow-backend\.venv\Lib\site-packages\starlette\middleware\cors.py", line 146, in simple_response
    await self.app(scope, receive, send)
  File "D:\Company Project\taskflow-backend\.venv\Lib\site-packages\starlette\middleware\exceptions.py", line 79, in __call__
    raise exc
  File "D:\Company Project\taskflow-backend\.venv\Lib\site-packages\starlette\middleware\exceptions.py", line 68, in __call__
    await self.app(scope, receive, sender)
  File "D:\Company Project\taskflow-backend\.venv\Lib\site-packages\fastapi\middleware\asyncexitstack.py", line 20, in __call__
    raise e
  File "D:\Company Project\taskflow-backend\.venv\Lib\site-packages\fastapi\middleware\asyncexitstack.py", line 17, in __call__
    await self.app(scope, receive, send)
  File "D:\Company Project\taskflow-backend\.venv\Lib\site-packages\starlette\routing.py", line 718, in __call__
    await route.handle(scope, receive, send)
  File "D:\Company Project\taskflow-backend\.venv\Lib\site-packages\starlette\routing.py", line 276, in handle
    await self.app(scope, receive, send)
  File "D:\Company Project\taskflow-backend\.venv\Lib\site-packages\starlette\routing.py", line 66, in app
    response = await func(request)
               ^^^^^^^^^^^^^^^^^^^
  File "D:\Company Project\taskflow-backend\.venv\Lib\site-packages\fastapi\routing.py", line 274, in app
    raw_response = await run_endpoint_function(
                   ^^^^^^^^^^^^^^^^^^^^^^^^^^^^
  File "D:\Company Project\taskflow-backend\.venv\Lib\site-packages\fastapi\routing.py", line 193, in run_endpoint_function
    return await run_in_threadpool(dependant.call, **values)
           ^^^^^^^^^^^^^^^^^^^^^^^^^^^^^^^^^^^^^^^^^^^^^^^^^
  File "D:\Company Project\taskflow-backend\.venv\Lib\site-packages\starlette\concurrency.py", line 41, in run_in_threadpool
    return await anyio.to_thread.run_sync(func, *args)
           ^^^^^^^^^^^^^^^^^^^^^^^^^^^^^^^^^^^^^^^^^^^
  File "D:\Company Project\taskflow-backend\.venv\Lib\site-packages\anyio\to_thread.py", line 33, in run_sync
    return await get_asynclib().run_sync_in_worker_thread(
           ^^^^^^^^^^^^^^^^^^^^^^^^^^^^^^^^^^^^^^^^^^^^^^^
  File "D:\Company Project\taskflow-backend\.venv\Lib\site-packages\anyio\_backends\_asyncio.py", line 877, in run_sync_in_worker_thread
    return await future
           ^^^^^^^^^^^^
  File "D:\Company Project\taskflow-backend\.venv\Lib\site-packages\anyio\_backends\_asyncio.py", line 807, in run
    result = context.run(func, *args)
             ^^^^^^^^^^^^^^^^^^^^^^^^
  File "D:\Company Project\taskflow-backend\main.py", line 940, in login
    return employee_auth_response(db, user, request)
           ^^^^^^^^^^^^^^^^^^^^^^^^^^^^^^^^^^^^^^^^^
  File "D:\Company Project\taskflow-backend\main.py", line 511, in employee_auth_response
    create_employee_session(db, user, token, request)
  File "D:\Company Project\taskflow-backend\main.py", line 475, in create_employee_session
    expires_at=now + timedelta(seconds=EMPLOYEE_SESSION_TIMEOUT_SECONDS),
                                       ^^^^^^^^^^^^^^^^^^^^^^^^^^^^^^^^
NameError: name 'EMPLOYEE_SESSION_TIMEOUT_SECONDS' is not defined
ERROR:    Exception in ASGI application
Traceback (most recent call last):
  File "D:\Company Project\taskflow-backend\.venv\Lib\site-packages\uvicorn\protocols\http\httptools_impl.py", line 426, in run_asgi
    result = await app(  # type: ignore[func-returns-value]
             ^^^^^^^^^^^^^^^^^^^^^^^^^^^^^^^^^^^^^^^^^^^^^^
  File "D:\Company Project\taskflow-backend\.venv\Lib\site-packages\uvicorn\middleware\proxy_headers.py", line 84, in __call__
    return await self.app(scope, receive, send)
           ^^^^^^^^^^^^^^^^^^^^^^^^^^^^^^^^^^^^
  File "D:\Company Project\taskflow-backend\.venv\Lib\site-packages\fastapi\applications.py", line 1106, in __call__
    await super().__call__(scope, receive, send)
  File "D:\Company Project\taskflow-backend\.venv\Lib\site-packages\starlette\applications.py", line 122, in __call__
    await self.middleware_stack(scope, receive, send)
  File "D:\Company Project\taskflow-backend\.venv\Lib\site-packages\starlette\middleware\errors.py", line 184, in __call__
    raise exc
  File "D:\Company Project\taskflow-backend\.venv\Lib\site-packages\starlette\middleware\errors.py", line 162, in __call__
    await self.app(scope, receive, _send)
  File "D:\Company Project\taskflow-backend\.venv\Lib\site-packages\starlette\middleware\cors.py", line 91, in __call__
    await self.simple_response(scope, receive, send, request_headers=headers)
  File "D:\Company Project\taskflow-backend\.venv\Lib\site-packages\starlette\middleware\cors.py", line 146, in simple_response
    await self.app(scope, receive, send)
  File "D:\Company Project\taskflow-backend\.venv\Lib\site-packages\starlette\middleware\exceptions.py", line 79, in __call__
    raise exc
  File "D:\Company Project\taskflow-backend\.venv\Lib\site-packages\starlette\middleware\exceptions.py", line 68, in __call__
    await self.app(scope, receive, sender)
  File "D:\Company Project\taskflow-backend\.venv\Lib\site-packages\fastapi\middleware\asyncexitstack.py", line 20, in __call__
    raise e
  File "D:\Company Project\taskflow-backend\.venv\Lib\site-packages\fastapi\middleware\asyncexitstack.py", line 17, in __call__
    await self.app(scope, receive, send)
  File "D:\Company Project\taskflow-backend\.venv\Lib\site-packages\starlette\routing.py", line 718, in __call__
    await route.handle(scope, receive, send)
  File "D:\Company Project\taskflow-backend\.venv\Lib\site-packages\starlette\routing.py", line 276, in handle
    await self.app(scope, receive, send)
  File "D:\Company Project\taskflow-backend\.venv\Lib\site-packages\starlette\routing.py", line 66, in app
    response = await func(request)
               ^^^^^^^^^^^^^^^^^^^
  File "D:\Company Project\taskflow-backend\.venv\Lib\site-packages\fastapi\routing.py", line 274, in app
    raw_response = await run_endpoint_function(
                   ^^^^^^^^^^^^^^^^^^^^^^^^^^^^
  File "D:\Company Project\taskflow-backend\.venv\Lib\site-packages\fastapi\routing.py", line 193, in run_endpoint_function
    return await run_in_threadpool(dependant.call, **values)
           ^^^^^^^^^^^^^^^^^^^^^^^^^^^^^^^^^^^^^^^^^^^^^^^^^
  File "D:\Company Project\taskflow-backend\.venv\Lib\site-packages\starlette\concurrency.py", line 41, in run_in_threadpool
    return await anyio.to_thread.run_sync(func, *args)
           ^^^^^^^^^^^^^^^^^^^^^^^^^^^^^^^^^^^^^^^^^^^
  File "D:\Company Project\taskflow-backend\.venv\Lib\site-packages\anyio\to_thread.py", line 33, in run_sync
    return await get_asynclib().run_sync_in_worker_thread(
           ^^^^^^^^^^^^^^^^^^^^^^^^^^^^^^^^^^^^^^^^^^^^^^^
  File "D:\Company Project\taskflow-backend\.venv\Lib\site-packages\anyio\_backends\_asyncio.py", line 877, in run_sync_in_worker_thread
    return await future
           ^^^^^^^^^^^^
  File "D:\Company Project\taskflow-backend\.venv\Lib\site-packages\anyio\_backends\_asyncio.py", line 807, in run
    result = context.run(func, *args)
             ^^^^^^^^^^^^^^^^^^^^^^^^
  File "D:\Company Project\taskflow-backend\main.py", line 940, in login
    return employee_auth_response(db, user, request)
           ^^^^^^^^^^^^^^^^^^^^^^^^^^^^^^^^^^^^^^^^^
  File "D:\Company Project\taskflow-backend\main.py", line 511, in employee_auth_response
    create_employee_session(db, user, token, request)
  File "D:\Company Project\taskflow-backend\main.py", line 475, in create_employee_session
    expires_at=now + timedelta(seconds=EMPLOYEE_SESSION_TIMEOUT_SECONDS),
                                       ^^^^^^^^^^^^^^^^^^^^^^^^^^^^^^^^
NameError: name 'EMPLOYEE_SESSION_TIMEOUT_SECONDS' is not defined
WARNING:  WatchFiles detected changes in 'main.py'. Reloading...
INFO:     ('127.0.0.1', 61509) - "WebSocket /ws/locations" [accepted]
INFO:     connection open
INFO:     connection closed
INFO:     Shutting down
INFO:     connection closed
INFO:     connection closed
INFO:     connection closed
INFO:     Waiting for application shutdown.
INFO:     Application shutdown complete.
INFO:     Finished server process [24980]
WARNING:  WatchFiles detected changes in 'main.py'. Reloading...
INFO:     Started server process [8424]
INFO:     Waiting for application startup.
ERROR:    Traceback (most recent call last):
  File "C:\Users\shind\AppData\Local\Programs\Python\Python311\Lib\asyncio\runners.py", line 118, in run
    return self._loop.run_until_complete(task)
           ^^^^^^^^^^^^^^^^^^^^^^^^^^^^^^^^^^^
  File "C:\Users\shind\AppData\Local\Programs\Python\Python311\Lib\asyncio\base_events.py", line 654, in run_until_complete
    return future.result()
           ^^^^^^^^^^^^^^^
  File "D:\Company Project\taskflow-backend\.venv\Lib\site-packages\uvicorn\server.py", line 78, in serve
    await self.startup(sockets=sockets)
  File "D:\Company Project\taskflow-backend\.venv\Lib\site-packages\uvicorn\server.py", line 89, in startup
    await self.lifespan.startup()
  File "D:\Company Project\taskflow-backend\.venv\Lib\site-packages\uvicorn\lifespan\on.py", line 54, in startup
    await self.startup_event.wait()
  File "C:\Users\shind\AppData\Local\Programs\Python\Python311\Lib\asyncio\locks.py", line 213, in wait
    await fut
asyncio.exceptions.CancelledError

During handling of the above exception, another exception occurred:

Traceback (most recent call last):
  File "C:\Users\shind\AppData\Local\Programs\Python\Python311\Lib\asyncio\runners.py", line 190, in run
    return runner.run(main)
           ^^^^^^^^^^^^^^^^
  File "C:\Users\shind\AppData\Local\Programs\Python\Python311\Lib\asyncio\runners.py", line 123, in run
    raise KeyboardInterrupt()
KeyboardInterrupt

During handling of the above exception, another exception occurred:

Traceback (most recent call last):
  File "D:\Company Project\taskflow-backend\.venv\Lib\site-packages\starlette\routing.py", line 686, in lifespan
    await receive()
  File "D:\Company Project\taskflow-backend\.venv\Lib\site-packages\uvicorn\lifespan\on.py", line 137, in receive
    return await self.receive_queue.get()
           ^^^^^^^^^^^^^^^^^^^^^^^^^^^^^^
  File "C:\Users\shind\AppData\Local\Programs\Python\Python311\Lib\asyncio\queues.py", line 158, in get
    await getter
asyncio.exceptions.CancelledError

Process SpawnProcess-41:
Traceback (most recent call last):
  File "C:\Users\shind\AppData\Local\Programs\Python\Python311\Lib\asyncio\runners.py", line 118, in run
    return self._loop.run_until_complete(task)
           ^^^^^^^^^^^^^^^^^^^^^^^^^^^^^^^^^^^
  File "C:\Users\shind\AppData\Local\Programs\Python\Python311\Lib\asyncio\base_events.py", line 654, in run_until_complete
    return future.result()
           ^^^^^^^^^^^^^^^
  File "D:\Company Project\taskflow-backend\.venv\Lib\site-packages\uvicorn\server.py", line 78, in serve
    await self.startup(sockets=sockets)
  File "D:\Company Project\taskflow-backend\.venv\Lib\site-packages\uvicorn\server.py", line 89, in startup
    await self.lifespan.startup()
  File "D:\Company Project\taskflow-backend\.venv\Lib\site-packages\uvicorn\lifespan\on.py", line 54, in startup
    await self.startup_event.wait()
  File "C:\Users\shind\AppData\Local\Programs\Python\Python311\Lib\asyncio\locks.py", line 213, in wait
    await fut
asyncio.exceptions.CancelledError

During handling of the above exception, another exception occurred:

Traceback (most recent call last):
  File "C:\Users\shind\AppData\Local\Programs\Python\Python311\Lib\multiprocessing\process.py", line 314, in _bootstrap
    self.run()
  File "C:\Users\shind\AppData\Local\Programs\Python\Python311\Lib\multiprocessing\process.py", line 108, in run
    self._target(*self._args, **self._kwargs)
  File "D:\Company Project\taskflow-backend\.venv\Lib\site-packages\uvicorn\_subprocess.py", line 76, in subprocess_started
    target(sockets=sockets)
  File "D:\Company Project\taskflow-backend\.venv\Lib\site-packages\uvicorn\server.py", line 61, in run
    return asyncio.run(self.serve(sockets=sockets))
           ^^^^^^^^^^^^^^^^^^^^^^^^^^^^^^^^^^^^^^^^
  File "C:\Users\shind\AppData\Local\Programs\Python\Python311\Lib\asyncio\runners.py", line 190, in run
    return runner.run(main)
           ^^^^^^^^^^^^^^^^
  File "C:\Users\shind\AppData\Local\Programs\Python\Python311\Lib\asyncio\runners.py", line 123, in run
    raise KeyboardInterrupt()
KeyboardInterrupt
WARNING:  WatchFiles detected changes in 'main.py'. Reloading...
INFO:     Started server process [24548]
INFO:     Waiting for application startup.
ERROR:    Traceback (most recent call last):
  File "C:\Users\shind\AppData\Local\Programs\Python\Python311\Lib\asyncio\runners.py", line 118, in run
    return self._loop.run_until_complete(task)
           ^^^^^^^^^^^^^^^^^^^^^^^^^^^^^^^^^^^
  File "C:\Users\shind\AppData\Local\Programs\Python\Python311\Lib\asyncio\base_events.py", line 654, in run_until_complete
    return future.result()
           ^^^^^^^^^^^^^^^
  File "D:\Company Project\taskflow-backend\.venv\Lib\site-packages\uvicorn\server.py", line 78, in serve
    await self.startup(sockets=sockets)
  File "D:\Company Project\taskflow-backend\.venv\Lib\site-packages\uvicorn\server.py", line 89, in startup
    await self.lifespan.startup()
  File "D:\Company Project\taskflow-backend\.venv\Lib\site-packages\uvicorn\lifespan\on.py", line 54, in startup
    await self.startup_event.wait()
  File "C:\Users\shind\AppData\Local\Programs\Python\Python311\Lib\asyncio\locks.py", line 213, in wait
    await fut
asyncio.exceptions.CancelledError

During handling of the above exception, another exception occurred:

Traceback (most recent call last):
  File "C:\Users\shind\AppData\Local\Programs\Python\Python311\Lib\asyncio\runners.py", line 190, in run
    return runner.run(main)
           ^^^^^^^^^^^^^^^^
  File "C:\Users\shind\AppData\Local\Programs\Python\Python311\Lib\asyncio\runners.py", line 123, in run
    raise KeyboardInterrupt()
KeyboardInterrupt

During handling of the above exception, another exception occurred:

Traceback (most recent call last):
  File "D:\Company Project\taskflow-backend\.venv\Lib\site-packages\starlette\routing.py", line 686, in lifespan
    await receive()
  File "D:\Company Project\taskflow-backend\.venv\Lib\site-packages\uvicorn\lifespan\on.py", line 137, in receive
    return await self.receive_queue.get()
           ^^^^^^^^^^^^^^^^^^^^^^^^^^^^^^
  File "C:\Users\shind\AppData\Local\Programs\Python\Python311\Lib\asyncio\queues.py", line 158, in get
    await getter
asyncio.exceptions.CancelledError

Process SpawnProcess-42:
Traceback (most recent call last):
  File "C:\Users\shind\AppData\Local\Programs\Python\Python311\Lib\asyncio\runners.py", line 118, in run
    return self._loop.run_until_complete(task)
           ^^^^^^^^^^^^^^^^^^^^^^^^^^^^^^^^^^^
  File "C:\Users\shind\AppData\Local\Programs\Python\Python311\Lib\asyncio\base_events.py", line 654, in run_until_complete
    return future.result()
           ^^^^^^^^^^^^^^^
  File "D:\Company Project\taskflow-backend\.venv\Lib\site-packages\uvicorn\server.py", line 78, in serve
    await self.startup(sockets=sockets)
  File "D:\Company Project\taskflow-backend\.venv\Lib\site-packages\uvicorn\server.py", line 89, in startup
    await self.lifespan.startup()
  File "D:\Company Project\taskflow-backend\.venv\Lib\site-packages\uvicorn\lifespan\on.py", line 54, in startup
    await self.startup_event.wait()
  File "C:\Users\shind\AppData\Local\Programs\Python\Python311\Lib\asyncio\locks.py", line 213, in wait
    await fut
asyncio.exceptions.CancelledError

During handling of the above exception, another exception occurred:

Traceback (most recent call last):
  File "C:\Users\shind\AppData\Local\Programs\Python\Python311\Lib\multiprocessing\process.py", line 314, in _bootstrap
    self.run()
  File "C:\Users\shind\AppData\Local\Programs\Python\Python311\Lib\multiprocessing\process.py", line 108, in run
    self._target(*self._args, **self._kwargs)
  File "D:\Company Project\taskflow-backend\.venv\Lib\site-packages\uvicorn\_subprocess.py", line 76, in subprocess_started
    target(sockets=sockets)
  File "D:\Company Project\taskflow-backend\.venv\Lib\site-packages\uvicorn\server.py", line 61, in run
    return asyncio.run(self.serve(sockets=sockets))
           ^^^^^^^^^^^^^^^^^^^^^^^^^^^^^^^^^^^^^^^^
  File "C:\Users\shind\AppData\Local\Programs\Python\Python311\Lib\asyncio\runners.py", line 190, in run
    return runner.run(main)
           ^^^^^^^^^^^^^^^^
  File "C:\Users\shind\AppData\Local\Programs\Python\Python311\Lib\asyncio\runners.py", line 123, in run
    raise KeyboardInterrupt()
KeyboardInterrupt
INFO:     Started server process [21656]
INFO:     Waiting for application startup.
INFO:     Application startup complete.
INFO:     ('127.0.0.1', 53802) - "WebSocket /ws/locations" [accepted]
INFO:     connection open
INFO:     ('127.0.0.1', 49789) - "WebSocket /ws/locations" [accepted]
INFO:     connection open
INFO:     ('127.0.0.1', 60777) - "WebSocket /ws/locations" [accepted]
INFO:     connection open
INFO:     connection closed
INFO:     ('127.0.0.1', 56991) - "WebSocket /ws/locations" [accepted]
INFO:     connection open
INFO:     connection closed
INFO:     connection closed
INFO:     connection closed
INFO:     ('127.0.0.1', 59870) - "WebSocket /ws/locations" [accepted]
INFO:     connection open
INFO:     connection closed
INFO:     ('127.0.0.1', 49932) - "WebSocket /ws/locations" [accepted]
INFO:     connection open
WARNING:  WatchFiles detected changes in 'schemas.py'. Reloading...
INFO:     connection closed
INFO:     Shutting down
INFO:     Waiting for application shutdown.
INFO:     Application shutdown complete.
INFO:     Finished server process [21656]
WARNING:  WatchFiles detected changes in 'main.py'. Reloading...
INFO:     Started server process [9068]
INFO:     Waiting for application startup.
ERROR:    Traceback (most recent call last):
  File "C:\Users\shind\AppData\Local\Programs\Python\Python311\Lib\asyncio\runners.py", line 118, in run
    return self._loop.run_until_complete(task)
           ^^^^^^^^^^^^^^^^^^^^^^^^^^^^^^^^^^^
  File "C:\Users\shind\AppData\Local\Programs\Python\Python311\Lib\asyncio\base_events.py", line 654, in run_until_complete
    return future.result()
           ^^^^^^^^^^^^^^^
  File "D:\Company Project\taskflow-backend\.venv\Lib\site-packages\uvicorn\server.py", line 78, in serve
    await self.startup(sockets=sockets)
  File "D:\Company Project\taskflow-backend\.venv\Lib\site-packages\uvicorn\server.py", line 89, in startup
    await self.lifespan.startup()
  File "D:\Company Project\taskflow-backend\.venv\Lib\site-packages\uvicorn\lifespan\on.py", line 54, in startup
    await self.startup_event.wait()
  File "C:\Users\shind\AppData\Local\Programs\Python\Python311\Lib\asyncio\locks.py", line 213, in wait
    await fut
asyncio.exceptions.CancelledError

During handling of the above exception, another exception occurred:

Traceback (most recent call last):
  File "C:\Users\shind\AppData\Local\Programs\Python\Python311\Lib\asyncio\runners.py", line 190, in run
    return runner.run(main)
           ^^^^^^^^^^^^^^^^
  File "C:\Users\shind\AppData\Local\Programs\Python\Python311\Lib\asyncio\runners.py", line 123, in run
    raise KeyboardInterrupt()
KeyboardInterrupt

During handling of the above exception, another exception occurred:

Traceback (most recent call last):
  File "D:\Company Project\taskflow-backend\.venv\Lib\site-packages\starlette\routing.py", line 686, in lifespan
    await receive()
  File "D:\Company Project\taskflow-backend\.venv\Lib\site-packages\uvicorn\lifespan\on.py", line 137, in receive
    return await self.receive_queue.get()
           ^^^^^^^^^^^^^^^^^^^^^^^^^^^^^^
  File "C:\Users\shind\AppData\Local\Programs\Python\Python311\Lib\asyncio\queues.py", line 158, in get
    await getter
asyncio.exceptions.CancelledError

Process SpawnProcess-44:
Traceback (most recent call last):
  File "C:\Users\shind\AppData\Local\Programs\Python\Python311\Lib\asyncio\runners.py", line 118, in run
    return self._loop.run_until_complete(task)
           ^^^^^^^^^^^^^^^^^^^^^^^^^^^^^^^^^^^
  File "C:\Users\shind\AppData\Local\Programs\Python\Python311\Lib\asyncio\base_events.py", line 654, in run_until_complete
    return future.result()
           ^^^^^^^^^^^^^^^
  File "D:\Company Project\taskflow-backend\.venv\Lib\site-packages\uvicorn\server.py", line 78, in serve
    await self.startup(sockets=sockets)
  File "D:\Company Project\taskflow-backend\.venv\Lib\site-packages\uvicorn\server.py", line 89, in startup
    await self.lifespan.startup()
  File "D:\Company Project\taskflow-backend\.venv\Lib\site-packages\uvicorn\lifespan\on.py", line 54, in startup
    await self.startup_event.wait()
  File "C:\Users\shind\AppData\Local\Programs\Python\Python311\Lib\asyncio\locks.py", line 213, in wait
    await fut
asyncio.exceptions.CancelledError

During handling of the above exception, another exception occurred:

Traceback (most recent call last):
  File "C:\Users\shind\AppData\Local\Programs\Python\Python311\Lib\multiprocessing\process.py", line 314, in _bootstrap
    self.run()
  File "C:\Users\shind\AppData\Local\Programs\Python\Python311\Lib\multiprocessing\process.py", line 108, in run
    self._target(*self._args, **self._kwargs)
  File "D:\Company Project\taskflow-backend\.venv\Lib\site-packages\uvicorn\_subprocess.py", line 76, in subprocess_started
    target(sockets=sockets)
  File "D:\Company Project\taskflow-backend\.venv\Lib\site-packages\uvicorn\server.py", line 61, in run
    return asyncio.run(self.serve(sockets=sockets))
           ^^^^^^^^^^^^^^^^^^^^^^^^^^^^^^^^^^^^^^^^
  File "C:\Users\shind\AppData\Local\Programs\Python\Python311\Lib\asyncio\runners.py", line 190, in run
    return runner.run(main)
           ^^^^^^^^^^^^^^^^
  File "C:\Users\shind\AppData\Local\Programs\Python\Python311\Lib\asyncio\runners.py", line 123, in run
    raise KeyboardInterrupt()
KeyboardInterrupt
INFO:     Started server process [24760]
INFO:     Waiting for application startup.
INFO:     Application startup complete.
INFO:     ('127.0.0.1', 58423) - "WebSocket /ws/locations" [accepted]
INFO:     connection open
INFO:     ('127.0.0.1', 64920) - "WebSocket /ws/locations" [accepted]
INFO:     connection open
INFO:     ('127.0.0.1', 60797) - "WebSocket /ws/locations" [accepted]
INFO:     connection open
INFO:     ('127.0.0.1', 60172) - "WebSocket /ws/locations" [accepted]
INFO:     connection open
INFO:     ('127.0.0.1', 60467) - "WebSocket /ws/locations" [accepted]
INFO:     connection open
INFO:     ('127.0.0.1', 64854) - "WebSocket /ws/locations" [accepted]
INFO:     connection open
INFO:     connection closed
INFO:     ('127.0.0.1', 59020) - "WebSocket /ws/locations" [accepted]
INFO:     connection open
INFO:     connection closed
INFO:     ('127.0.0.1', 58935) - "WebSocket /ws/locations" [accepted]
INFO:     connection open
INFO:     connection closed
WARNING:  WatchFiles detected changes in 'main.py'. Reloading...
INFO:     Shutting down
INFO:     connection closed
INFO:     connection closed
INFO:     connection closed
INFO:     connection closed
INFO:     connection closed
INFO:     Waiting for application shutdown.
INFO:     Application shutdown complete.
INFO:     Finished server process [24760]
INFO:     Started server process [15652]
INFO:     Waiting for application startup.
INFO:     Application startup complete.
INFO:     ('127.0.0.1', 50956) - "WebSocket /ws/locations" [accepted]
INFO:     connection open
INFO:     connection closed
INFO:     ('127.0.0.1', 62642) - "WebSocket /ws/locations" [accepted]
INFO:     connection open
INFO:     connection closed
INFO:     ('127.0.0.1', 59649) - "WebSocket /ws/locations" [accepted]
INFO:     connection open
WARNING:  WatchFiles detected changes in 'main.py'. Reloading...
INFO:     connection closed
INFO:     Shutting down
INFO:     Waiting for application shutdown.
INFO:     Application shutdown complete.
INFO:     Finished server process [15652]
INFO:     Started server process [20072]
INFO:     Waiting for application startup.
INFO:     Application startup complete.
WARNING:  WatchFiles detected changes in 'main.py'. Reloading...
INFO:     ('127.0.0.1', 56532) - "WebSocket /ws/locations" [accepted]
INFO:     connection open
INFO:     connection closed
INFO:     ('127.0.0.1', 55805) - "WebSocket /ws/locations" [accepted]
INFO:     connection open
INFO:     ('127.0.0.1', 59674) - "WebSocket /ws/locations" [accepted]
INFO:     connection open
INFO:     Shutting down
INFO:     connection closed
INFO:     connection closed
INFO:     Waiting for application shutdown.
INFO:     Application shutdown complete.
INFO:     Finished server process [20072]
WARNING:  WatchFiles detected changes in 'main.py'. Reloading...
INFO:     Started server process [14672]
INFO:     Waiting for application startup.
ERROR:    Traceback (most recent call last):
  File "C:\Users\shind\AppData\Local\Programs\Python\Python311\Lib\asyncio\runners.py", line 118, in run
    return self._loop.run_until_complete(task)
           ^^^^^^^^^^^^^^^^^^^^^^^^^^^^^^^^^^^
  File "C:\Users\shind\AppData\Local\Programs\Python\Python311\Lib\asyncio\base_events.py", line 654, in run_until_complete
    return future.result()
           ^^^^^^^^^^^^^^^
  File "D:\Company Project\taskflow-backend\.venv\Lib\site-packages\uvicorn\server.py", line 78, in serve
    await self.startup(sockets=sockets)
  File "D:\Company Project\taskflow-backend\.venv\Lib\site-packages\uvicorn\server.py", line 89, in startup
    await self.lifespan.startup()
  File "D:\Company Project\taskflow-backend\.venv\Lib\site-packages\uvicorn\lifespan\on.py", line 54, in startup
    await self.startup_event.wait()
  File "C:\Users\shind\AppData\Local\Programs\Python\Python311\Lib\asyncio\locks.py", line 213, in wait
    await fut
asyncio.exceptions.CancelledError

During handling of the above exception, another exception occurred:

Traceback (most recent call last):
  File "C:\Users\shind\AppData\Local\Programs\Python\Python311\Lib\asyncio\runners.py", line 190, in run
    return runner.run(main)
           ^^^^^^^^^^^^^^^^
  File "C:\Users\shind\AppData\Local\Programs\Python\Python311\Lib\asyncio\runners.py", line 123, in run
    raise KeyboardInterrupt()
KeyboardInterrupt

During handling of the above exception, another exception occurred:

Traceback (most recent call last):
  File "D:\Company Project\taskflow-backend\.venv\Lib\site-packages\starlette\routing.py", line 686, in lifespan
    await receive()
  File "D:\Company Project\taskflow-backend\.venv\Lib\site-packages\uvicorn\lifespan\on.py", line 137, in receive
    return await self.receive_queue.get()
           ^^^^^^^^^^^^^^^^^^^^^^^^^^^^^^
  File "C:\Users\shind\AppData\Local\Programs\Python\Python311\Lib\asyncio\queues.py", line 158, in get
    await getter
asyncio.exceptions.CancelledError

Process SpawnProcess-48:
Traceback (most recent call last):
  File "C:\Users\shind\AppData\Local\Programs\Python\Python311\Lib\asyncio\runners.py", line 118, in run
    return self._loop.run_until_complete(task)
           ^^^^^^^^^^^^^^^^^^^^^^^^^^^^^^^^^^^
  File "C:\Users\shind\AppData\Local\Programs\Python\Python311\Lib\asyncio\base_events.py", line 654, in run_until_complete
    return future.result()
           ^^^^^^^^^^^^^^^
  File "D:\Company Project\taskflow-backend\.venv\Lib\site-packages\uvicorn\server.py", line 78, in serve
    await self.startup(sockets=sockets)
  File "D:\Company Project\taskflow-backend\.venv\Lib\site-packages\uvicorn\server.py", line 89, in startup
    await self.lifespan.startup()
  File "D:\Company Project\taskflow-backend\.venv\Lib\site-packages\uvicorn\lifespan\on.py", line 54, in startup
    await self.startup_event.wait()
  File "C:\Users\shind\AppData\Local\Programs\Python\Python311\Lib\asyncio\locks.py", line 213, in wait
    await fut
asyncio.exceptions.CancelledError

During handling of the above exception, another exception occurred:

Traceback (most recent call last):
  File "C:\Users\shind\AppData\Local\Programs\Python\Python311\Lib\multiprocessing\process.py", line 314, in _bootstrap
    self.run()
  File "C:\Users\shind\AppData\Local\Programs\Python\Python311\Lib\multiprocessing\process.py", line 108, in run
    self._target(*self._args, **self._kwargs)
  File "D:\Company Project\taskflow-backend\.venv\Lib\site-packages\uvicorn\_subprocess.py", line 76, in subprocess_started
    target(sockets=sockets)
  File "D:\Company Project\taskflow-backend\.venv\Lib\site-packages\uvicorn\server.py", line 61, in run
    return asyncio.run(self.serve(sockets=sockets))
           ^^^^^^^^^^^^^^^^^^^^^^^^^^^^^^^^^^^^^^^^
  File "C:\Users\shind\AppData\Local\Programs\Python\Python311\Lib\asyncio\runners.py", line 190, in run
    return runner.run(main)
           ^^^^^^^^^^^^^^^^
  File "C:\Users\shind\AppData\Local\Programs\Python\Python311\Lib\asyncio\runners.py", line 123, in run
    raise KeyboardInterrupt()
KeyboardInterrupt
INFO:     Started server process [25016]
INFO:     Waiting for application startup.
INFO:     Application startup complete.
INFO:     ('127.0.0.1', 62518) - "WebSocket /ws/locations" [accepted]
INFO:     connection open
INFO:     connection closed
INFO:     ('127.0.0.1', 58755) - "WebSocket /ws/locations" [accepted]
INFO:     connection open
INFO:     connection closed
INFO:     ('127.0.0.1', 58334) - "WebSocket /ws/locations" [accepted]
INFO:     connection open
INFO:     ('127.0.0.1', 55162) - "WebSocket /ws/locations" [accepted]
INFO:     connection open
INFO:     connection closed
INFO:     connection closed
INFO:     ('127.0.0.1', 57135) - "WebSocket /ws/locations" [accepted]
INFO:     connection open
INFO:     connection closed
INFO:     ('127.0.0.1', 62556) - "WebSocket /ws/locations" [accepted]
INFO:     connection open
INFO:     connection closed
INFO:     ('127.0.0.1', 59415) - "WebSocket /ws/locations" [accepted]
INFO:     connection open
INFO:     connection closed
INFO:     ('127.0.0.1', 62236) - "WebSocket /ws/locations" [accepted]
INFO:     connection open
INFO:     connection closed
WARNING:  WatchFiles detected changes in 'main.py'. Reloading...
INFO:     Shutting down
INFO:     Waiting for application shutdown.
INFO:     Application shutdown complete.
INFO:     Finished server process [25016]
WARNING:  WatchFiles detected changes in 'main.py'. Reloading...
INFO:     Started server process [23072]
INFO:     Waiting for application startup.
ERROR:    Traceback (most recent call last):
  File "C:\Users\shind\AppData\Local\Programs\Python\Python311\Lib\asyncio\runners.py", line 118, in run
    return self._loop.run_until_complete(task)
           ^^^^^^^^^^^^^^^^^^^^^^^^^^^^^^^^^^^
  File "C:\Users\shind\AppData\Local\Programs\Python\Python311\Lib\asyncio\base_events.py", line 654, in run_until_complete
    return future.result()
           ^^^^^^^^^^^^^^^
  File "D:\Company Project\taskflow-backend\.venv\Lib\site-packages\uvicorn\server.py", line 78, in serve
    await self.startup(sockets=sockets)
  File "D:\Company Project\taskflow-backend\.venv\Lib\site-packages\uvicorn\server.py", line 89, in startup
    await self.lifespan.startup()
  File "D:\Company Project\taskflow-backend\.venv\Lib\site-packages\uvicorn\lifespan\on.py", line 54, in startup
    await self.startup_event.wait()
  File "C:\Users\shind\AppData\Local\Programs\Python\Python311\Lib\asyncio\locks.py", line 213, in wait
    await fut
asyncio.exceptions.CancelledError

During handling of the above exception, another exception occurred:

Traceback (most recent call last):
  File "C:\Users\shind\AppData\Local\Programs\Python\Python311\Lib\asyncio\runners.py", line 190, in run
    return runner.run(main)
           ^^^^^^^^^^^^^^^^
  File "C:\Users\shind\AppData\Local\Programs\Python\Python311\Lib\asyncio\runners.py", line 123, in run
    raise KeyboardInterrupt()
KeyboardInterrupt

During handling of the above exception, another exception occurred:

Traceback (most recent call last):
  File "D:\Company Project\taskflow-backend\.venv\Lib\site-packages\starlette\routing.py", line 686, in lifespan
    await receive()
  File "D:\Company Project\taskflow-backend\.venv\Lib\site-packages\uvicorn\lifespan\on.py", line 137, in receive
    return await self.receive_queue.get()
           ^^^^^^^^^^^^^^^^^^^^^^^^^^^^^^
  File "C:\Users\shind\AppData\Local\Programs\Python\Python311\Lib\asyncio\queues.py", line 158, in get
    await getter
asyncio.exceptions.CancelledError

Process SpawnProcess-50:
Traceback (most recent call last):
  File "C:\Users\shind\AppData\Local\Programs\Python\Python311\Lib\asyncio\runners.py", line 118, in run
    return self._loop.run_until_complete(task)
           ^^^^^^^^^^^^^^^^^^^^^^^^^^^^^^^^^^^
  File "C:\Users\shind\AppData\Local\Programs\Python\Python311\Lib\asyncio\base_events.py", line 654, in run_until_complete
    return future.result()
           ^^^^^^^^^^^^^^^
  File "D:\Company Project\taskflow-backend\.venv\Lib\site-packages\uvicorn\server.py", line 78, in serve
    await self.startup(sockets=sockets)
  File "D:\Company Project\taskflow-backend\.venv\Lib\site-packages\uvicorn\server.py", line 89, in startup
    await self.lifespan.startup()
  File "D:\Company Project\taskflow-backend\.venv\Lib\site-packages\uvicorn\lifespan\on.py", line 54, in startup
    await self.startup_event.wait()
  File "C:\Users\shind\AppData\Local\Programs\Python\Python311\Lib\asyncio\locks.py", line 213, in wait
    await fut
asyncio.exceptions.CancelledError

During handling of the above exception, another exception occurred:

Traceback (most recent call last):
  File "C:\Users\shind\AppData\Local\Programs\Python\Python311\Lib\multiprocessing\process.py", line 314, in _bootstrap
    self.run()
  File "C:\Users\shind\AppData\Local\Programs\Python\Python311\Lib\multiprocessing\process.py", line 108, in run
    self._target(*self._args, **self._kwargs)
  File "D:\Company Project\taskflow-backend\.venv\Lib\site-packages\uvicorn\_subprocess.py", line 76, in subprocess_started
    target(sockets=sockets)
  File "D:\Company Project\taskflow-backend\.venv\Lib\site-packages\uvicorn\server.py", line 61, in run
    return asyncio.run(self.serve(sockets=sockets))
           ^^^^^^^^^^^^^^^^^^^^^^^^^^^^^^^^^^^^^^^^
  File "C:\Users\shind\AppData\Local\Programs\Python\Python311\Lib\asyncio\runners.py", line 190, in run
    return runner.run(main)
           ^^^^^^^^^^^^^^^^
  File "C:\Users\shind\AppData\Local\Programs\Python\Python311\Lib\asyncio\runners.py", line 123, in run
    raise KeyboardInterrupt()
KeyboardInterrupt
INFO:     Started server process [22028]
INFO:     Waiting for application startup.
INFO:     Application startup complete.
